nse_symbol,name,sector,industry,tier,tier_reason,market_cap_cr,cash_and_equivalents_cr,total_debt_cr,debt_to_equity,revenue_ttm_cr,net_profit_ttm_cr,profit_5y_cagr,enriched_at,outreach_status,last_contacted,notes
RELIANCE,Reliance Industries Ltd.,Energy,Oil & Gas Refining & Marketing,,,1805637.81,145977.0,398000.0,0.367,1057218.99,80775.0,6.59,2026-05-15 14:00:23,pending,,
SJVN,SJVN Ltd.,Utilities,Utilities - Renewable,,,30275.14,356.49,27025.19,2.026,3536.22,632.46,-6.09,2026-05-15 14:00:25,pending,,
MGL,Mahanagar Gas Ltd.,Utilities,Utilities - Regulated Gas,,,10729.24,57.2,222.93,0.035,8158.03,952.91,2.11,2026-05-15 14:00:27,pending,,
SIEMENS,Siemens Ltd.,Industrials,Specialty Industrial Machinery,,,128516.78,2150.4,145.3,,17364.2,1687.1,10.9,2026-05-15 14:00:29,pending,,
ASTRAL,Astral Ltd.,Industrials,Building Products & Equipment,,,41826.15,608.1,233.2,0.068,6161.5,502.9,2.68,2026-05-15 14:00:31,pending,,
CRISIL,CRISIL Ltd.,Financial Services,Financial Data & Stock Exchanges,,,30493.75,320.13,296.81,0.098,3893.49,839.43,10.72,2026-05-15 14:00:33,pending,,
IDBI,IDBI Bank Ltd.,Financial Services,Banks - Regional,,,76137.76,48726.42,19931.99,,21233.07,9209.97,44.41,2026-05-15 14:00:36,pending,,
INFY,Infosys Ltd.,Technology,Information Technology Services,,,451322.26,234.1,96.7,0.098,2015.8,331.3,3.58,2026-05-15 14:00:40,pending,,
BIKAJI,Bikaji Foods International Ltd.,Consumer Defensive,Packaged Foods,,,16878.32,24.8,230.95,0.194,2889.04,246.68,37.09,2026-05-15 14:00:42,pending,,
ACUTAAS,Acutaas Chemicals Ltd.,Basic Materials,Specialty Chemicals,,,22404.85,185.22,12.94,0.021,1380.95,356.26,30.18,2026-05-15 14:00:44,pending,,
SWIGGY,Swiggy Ltd.,Consumer Cyclical,Internet Retail,,,67223.18,1230.57,1702.94,0.139,23053.0,-4154.0,,2026-05-15 14:00:46,pending,,
CRAFTSMAN,Craftsman Automation Ltd.,Consumer Cyclical,Auto Parts,,,20171.09,144.83,3623.48,1.093,7592.12,334.33,15.63,2026-05-15 14:00:48,pending,,
DALBHARAT,Dalmia Bharat Ltd.,Basic Materials,Building Materials,,,32689.22,212.0,7406.0,0.409,14804.0,1140.0,3.24,2026-05-15 14:00:50,pending,,
AFFLE,Affle 3i Ltd.,Communication Services,Advertising Agencies,,,20769.81,1047.48,82.09,0.012,2587.18,438.4,21.32,2026-05-15 14:00:52,pending,,
ZYDUSLIFE,Zydus Lifesciences Ltd.,Healthcare,Drug Manufacturers - Specialty & Generic,,,101941.56,826.8,3213.2,0.343,26089.3,4938.4,0.28,2026-05-15 14:00:54,pending,,
TEJASNET,Tejas Networks Ltd.,Technology,Communication Equipment,,,7963.59,102.68,4177.08,1.425,1103.28,-908.89,,2026-05-15 14:00:56,pending,,
LTTS,L&T Technology Services Ltd.,Technology,Information Technology Services,,,37029.82,1649.7,578.5,0.089,10995.9,1228.1,1.81,2026-05-15 14:00:58,pending,,
TEGA,Tega Industries Ltd.,Industrials,Specialty Industrial Machinery,,,12020.43,114.3,329.65,0.207,1701.26,201.89,19.63,2026-05-15 14:01:00,pending,,
ACC,ACC Ltd.,Basic Materials,Building Materials,,,25730.61,537.35,428.61,0.021,26363.79,2137.07,48.74,2026-05-15 14:01:02,pending,,
ONESOURCE,Onesource Specialty Pharma Ltd.,Healthcare,Biotechnology,,,21074.19,156.48,942.44,0.219,1419.33,20.79,,2026-05-15 14:01:04,pending,,
DABUR,Dabur India Ltd.,Consumer Defensive,Household & Personal Products,,,83221.54,184.17,950.08,0.109,13192.57,1895.03,0.54,2026-05-15 14:01:06,pending,,
GESHIP,Great Eastern Shipping Co. Ltd.,Industrials,Marine Shipping,,,21639.22,4111.96,2163.01,0.082,5120.73,2261.52,54.99,2026-05-15 14:01:08,pending,,
LT,Larsen & Toubro Ltd.,Industrials,Engineering & Construction,,,539440.76,15391.24,125496.6,0.976,291635.04,16083.99,15.38,2026-05-15 14:01:10,pending,,
SBICARD,SBI Cards and Payment Services Ltd.,Financial Services,Credit Services,,,59894.05,2319.78,44063.73,2.802,11865.66,2166.71,-1.37,2026-05-15 14:01:13,pending,,
JSWSTEEL,JSW Steel Ltd.,Basic Materials,Steel,,,313694.62,11045.0,119222.0,0.942,186718.0,22316.0,-44.65,2026-05-15 14:01:20,pending,,
HSCL,Himadri Speciality Chemical Ltd.,Basic Materials,Specialty Chemicals,,,29944.55,164.76,768.47,0.161,4660.7,751.34,51.52,2026-05-15 14:01:26,pending,,
VMM,Vishal Mega Mart Ltd.,Consumer Cyclical,Department Stores,,,56092.75,395.64,1729.38,0.268,12906.32,839.23,46.07,2026-05-15 14:01:30,pending,,
CANHLIFE,Canara HSBC Life Insurance Company Ltd.,Financial Services,Insurance - Life,,,12919.9,613.33,250.0,0.156,11716.53,126.61,8.23,2026-05-15 14:01:32,pending,,
RECLTD,REC Ltd.,Financial Services,Credit Services,,,91636.19,1611.09,514725.19,6.075,23114.64,16308.17,13.45,2026-05-15 14:01:34,pending,,
ASIANPAINT,Asian Paints Ltd.,Basic Materials,Specialty Chemicals,,,250378.72,445.28,2290.29,0.176,34649.53,3845.36,6.56,2026-05-15 14:01:41,pending,,
IEX,Indian Energy Exchange Ltd.,Financial Services,Capital Markets,,,11195.4,37.36,11.16,0.008,746.95,492.92,17.24,2026-05-15 14:01:45,pending,,
GRAVITA,Gravita India Ltd.,Industrials,Metal Fabrication,,,12464.58,80.32,735.9,0.299,4342.2,378.8,23.5,2026-05-15 14:01:47,pending,,
MAXHEALTH,Max Healthcare Institute Ltd.,Healthcare,Medical Care Facilities,,,102745.34,661.58,3010.29,0.326,8140.3,1419.19,21.15,2026-05-15 14:01:49,pending,,
BANKBARODA,Bank of Baroda,Financial Services,Banks - Regional,,,136213.68,132477.73,105812.77,,63662.13,19846.42,38.19,2026-05-15 14:01:51,pending,,
BPCL,Bharat Petroleum Corporation Ltd.,Energy,Oil & Gas Refining & Marketing,,,122302.75,557.93,61100.57,0.564,447757.37,24610.74,4.52,2026-05-15 14:01:53,pending,,
FIRSTCRY,Brainbees Solutions Ltd.,Consumer Cyclical,Internet Retail,,,10979.78,271.17,1569.93,0.315,8315.59,-186.66,,2026-05-15 14:01:56,pending,,
HINDUNILVR,Hindustan Unilever Ltd.,Consumer Defensive,Household & Personal Products,,,536458.66,2583.0,1478.0,0.03,64468.0,10633.0,14.12,2026-05-15 14:01:58,pending,,
HUDCO,Housing & Urban Development Corporation Ltd.,Financial Services,Credit Services,,,41549.44,5.96,107304.92,7.058,4519.83,2780.8,16.43,2026-05-15 14:02:00,pending,,
AJANTPHARM,Ajanta Pharmaceuticals Ltd.,Healthcare,Drug Manufacturers - Specialty & Generic,,,39881.95,103.26,260.17,0.057,5452.86,1056.0,21.55,2026-05-15 14:02:03,pending,,
KARURVYSYA,Karur Vysya Bank Ltd.,Financial Services,Banks - Regional,,,28945.41,5302.64,2622.56,,5988.15,2298.73,31.42,2026-05-15 14:02:05,pending,,
HINDALCO,Hindalco Industries Ltd.,Basic Materials,Aluminum,,,240297.0,9808.0,63929.0,0.576,261701.0,16077.0,5.23,2026-05-15 14:02:15,pending,,
IFCI,IFCI Ltd.,Financial Services,Credit Services,,,17200.5,7102.14,3523.02,,-592.72,-679.07,,2026-05-15 14:02:25,pending,,
GODIGIT,Go Digit General Insurance Ltd.,Financial Services,Insurance - Property & Casualty,,,28555.85,219.15,350.0,0.075,10475.43,544.35,148.33,2026-05-15 14:02:39,pending,,
COHANCE,Cohance Lifesciences Ltd.,Healthcare,Drug Manufacturers - Specialty & Generic,,,16448.87,85.4,279.07,0.115,1078.93,60.64,-16.11,2026-05-15 14:02:41,pending,,
HDFCBANK,HDFC Bank Ltd.,Financial Services,Banks - Regional,,,1189758.68,322232.31,732610.61,,283315.35,76025.97,20.39,2026-05-15 14:02:48,pending,,
SUZLON,Suzlon Energy Ltd.,Industrials,Specialty Industrial Machinery,,,73749.21,901.07,740.12,0.051,14984.59,3231.26,,2026-05-15 14:02:59,pending,,
ESCORTS,Escorts Kubota Ltd.,Industrials,Farm & Heavy Construction Machinery,,,33084.14,178.06,161.89,0.013,11540.26,1366.46,55.5,2026-05-15 14:03:02,pending,,
VIJAYA,Vijaya Diagnostic Centre Ltd.,Healthcare,Diagnostics & Research,,,13367.31,39.68,422.58,0.422,768.07,159.19,26.91,2026-05-15 14:03:04,pending,,
SUNPHARMA,Sun Pharmaceutical Industries Ltd.,Healthcare,Drug Manufacturers - Specialty & Generic,,,450043.26,10268.77,2362.19,0.067,56809.09,10915.27,49.47,2026-05-15 14:03:06,pending,,
GRASIM,Grasim Industries Ltd.,Basic Materials,Building Materials,,,200318.69,4882.7,186314.56,1.266,168596.89,4504.64,-21.12,2026-05-15 14:03:11,pending,,
NAVINFLUOR,Navin Fluorine International Ltd.,Basic Materials,Chemicals,,,35823.24,22.55,1271.75,0.32,3313.9,663.55,20.93,2026-05-15 14:03:13,pending,,
WOCKPHARMA,Wockhardt Ltd.,Healthcare,Drug Manufacturers - Specialty & Generic,,,25327.66,217.0,2233.0,0.504,3174.0,22.0,,2026-05-15 14:03:16,pending,,
KPITTECH,KPIT Technologies Ltd.,Technology,Software - Infrastructure,,,19196.1,1318.45,838.39,0.236,6454.93,637.34,18.71,2026-05-15 14:03:29,pending,,
BBTC,Bombay Burmah Trading Corporation Ltd.,Consumer Defensive,Packaged Foods,,,10684.17,341.17,1574.48,0.166,19853.44,1242.67,160.64,2026-05-15 14:03:31,pending,,
INDHOTEL,Indian Hotels Co. Ltd.,Consumer Cyclical,Lodging,,,93733.01,256.91,3084.27,0.19,9971.43,2084.38,,2026-05-15 14:03:33,pending,,
IRFC,Indian Railway Finance Corporation Ltd.,Financial Services,Credit Services,,,129744.12,5680.29,412132.69,7.446,7199.85,7006.73,2.21,2026-05-15 14:03:35,pending,,
ABREL,Aditya Birla Real Estate Ltd.,Real Estate,Real Estate Services,,,14356.32,1362.46,5636.49,1.524,407.18,-326.47,,2026-05-15 14:03:38,pending,,
CIPLA,Cipla Ltd.,Healthcare,Drug Manufacturers - Specialty & Generic,,,115636.65,588.69,438.19,0.018,27711.69,3879.23,27.96,2026-05-15 14:03:48,pending,,
FORTIS,Fortis Healthcare Ltd.,Healthcare,Medical Care Facilities,,,73140.35,139.72,2475.11,0.33,8773.74,959.83,11.73,2026-05-15 14:03:50,pending,,
SBIN,State Bank of India,Financial Services,Banks - Regional,,,891031.55,620849.18,618125.44,,373651.85,83298.78,29.91,2026-05-15 14:03:52,pending,,
TRIDENT,Trident Ltd.,Consumer Cyclical,Textile Manufacturing,,,12637.05,66.34,1635.23,0.347,6932.86,408.39,-23.73,2026-05-15 14:03:54,pending,,
INDGN,Indegene Ltd.,Healthcare,Health Information Services,,,12391.95,241.0,101.6,0.046,3510.5,401.1,35.15,2026-05-15 14:03:56,pending,,
EICHERMOT,Eicher Motors Ltd.,Consumer Cyclical,Auto Manufacturers,,,191910.22,218.96,458.13,0.02,22431.54,5357.43,41.34,2026-05-15 14:03:59,pending,,
HAL,Hindustan Aeronautics Ltd.,Industrials,Aerospace & Defense,,,295598.53,4548.55,1.16,0.0,36787.95,9115.6,18.08,2026-05-15 14:04:01,pending,,
INOXWIND,Inox Wind Ltd.,Industrials,Specialty Industrial Machinery,,,16668.85,21.01,1499.94,0.157,4427.7,501.87,,2026-05-15 14:04:03,pending,,
CGPOWER,CG Power and Industrial Solutions Ltd.,Industrials,Electrical Equipment & Parts,,,132098.46,300.66,118.39,0.014,12417.95,1204.32,7.81,2026-05-15 14:04:05,pending,,
GLAND,Gland Pharma Ltd.,Healthcare,Drug Manufacturers - Specialty & Generic,,,30776.5,2556.19,313.73,0.032,6112.77,847.18,-16.77,2026-05-15 14:04:07,pending,,
SHREECEM,Shree Cement Ltd.,Basic Materials,Building Materials,,,90544.64,114.92,1868.14,0.381,8874.47,1289.42,11.12,2026-05-15 14:04:08,pending,,
SONACOMS,Sona BLW Precision Forgings Ltd.,Consumer Cyclical,Auto Parts,,,35657.77,1046.71,202.24,0.072,4546.42,640.17,18.47,2026-05-15 14:04:10,pending,,
WIPRO,Wipro Ltd.,Technology,Information Technology Services,,,199311.43,12197.4,19203.5,0.229,92624.0,13197.4,2.44,2026-05-15 14:04:13,pending,,
AMBUJACEM,Ambuja Cements Ltd.,Basic Materials,Building Materials,,,108586.51,891.59,865.93,0.012,40655.68,4728.18,34.61,2026-05-15 14:04:18,pending,,
POWERINDIA,Hitachi Energy India Ltd.,Industrials,Electrical Equipment & Parts,,,144860.18,3762.02,88.45,0.018,7286.15,841.27,23.59,2026-05-15 14:04:20,pending,,
TATASTEEL,Tata Steel Ltd.,Basic Materials,Steel,,,270688.98,9604.96,94801.05,0.997,225087.93,9168.94,-56.0,2026-05-15 14:04:22,pending,,
BANKINDIA,Bank of India,Financial Services,Banks - Regional,,,64921.04,100837.17,93869.46,,32322.06,10306.3,39.83,2026-05-15 14:04:24,pending,,
CHAMBLFERT,Chambal Fertilizers & Chemicals Ltd.,Basic Materials,Agricultural Inputs,,,18079.43,107.75,98.76,0.01,20457.36,1914.49,1.75,2026-05-15 14:04:26,pending,,
PARADEEP,Paradeep Phosphates Ltd.,Basic Materials,Agricultural Inputs,,,12545.25,873.73,4358.47,0.87,18179.89,902.6,11.46,2026-05-15 14:04:28,pending,,
DRREDDY,Dr. Reddy's Laboratories Ltd.,Healthcare,Drug Manufacturers - Specialty & Generic,,,110318.81,1465.4,4676.6,0.203,33593.3,4285.0,33.87,2026-05-15 14:04:31,pending,,
ICICIBANK,ICICI Bank Ltd.,Financial Services,Banks - Regional,,,896063.35,264980.72,220264.28,,217450.95,54207.7,16.78,2026-05-15 14:04:34,pending,,
TATACHEM,Tata Chemicals Ltd.,Basic Materials,Chemicals,,,19008.64,381.0,8001.0,0.361,14900.0,-1896.0,,2026-05-15 14:04:37,pending,,
IDFCFIRSTB,IDFC First Bank Ltd.,Financial Services,Banks - Regional,,,58536.55,12766.5,36632.64,,3027.54,992.26,-13.46,2026-05-15 14:04:39,pending,,
HEXT,Hexaware Technologies Ltd.,Technology,Information Technology Services,,,29461.16,1970.8,680.7,0.105,13835.5,1393.6,15.69,2026-05-15 14:04:41,pending,,
OBEROIRLTY,Oberoi Realty Ltd.,Real Estate,Real Estate - Development,,,59056.27,267.67,3300.4,0.158,6009.06,2507.43,28.57,2026-05-15 14:04:44,pending,,
HINDPETRO,Hindustan Petroleum Corporation Ltd.,Energy,Oil & Gas Refining & Marketing,,,78197.48,166.22,70558.22,0.854,439633.44,18046.89,-2.62,2026-05-15 14:04:46,pending,,
UTIAMC,UTI Asset Management Company Ltd.,Financial Services,Asset Management,,,12459.63,35.57,140.93,0.031,1698.05,404.12,-2.6,2026-05-15 14:04:48,pending,,
INDUSINDBK,IndusInd Bank Ltd.,Financial Services,Banks - Regional,,,69948.15,48932.35,42789.19,,17242.3,889.34,-50.75,2026-05-15 14:04:51,pending,,
NBCC,NBCC (India) Ltd.,Industrials,Engineering & Construction,,,25563.6,2998.69,0.4,0.0,13173.28,654.56,34.11,2026-05-15 14:04:53,pending,,
FLUOROCHEM,Gujarat Fluorochemicals Ltd.,Basic Materials,Specialty Chemicals,,,40276.5,55.09,2080.31,0.225,4852.49,656.06,-11.48,2026-05-15 14:04:55,pending,,
THELEELA,Leela Palaces Hotels & Resorts Ltd.,Consumer Cyclical,Lodging,,,13981.15,99.67,1810.95,0.281,1527.29,403.13,,2026-05-15 14:04:59,pending,,
PREMIERENE,Premier Energies Ltd.,Technology,Solar,,,44105.21,802.58,1953.51,0.47,7214.91,1330.75,,2026-05-15 14:05:02,pending,,
MAPMYINDIA,C.E. Info Systems Ltd.,Technology,Software - Infrastructure,,,5583.44,67.37,29.85,0.011,472.6,131.96,19.14,2026-05-15 14:05:05,pending,,
JUBLINGREA,Jubilant Ingrevia Ltd.,Basic Materials,Specialty Chemicals,,,11606.36,69.36,763.78,0.265,4260.94,265.53,-19.23,2026-05-15 14:05:07,pending,,
URBANCO,Urban Company Ltd.,Technology,Software - Application,,,18930.27,61.1,119.91,0.063,1692.23,-234.81,,2026-05-15 14:05:10,pending,,
ANTHEM,Anthem Biosciences Ltd.,Healthcare,Biotechnology,,,44288.33,316.14,113.32,0.04,2002.42,484.66,3.62,2026-05-15 14:05:12,pending,,
RAILTEL,Railtel Corporation Of India Ltd.,Communication Services,Telecom Services,,,10350.26,308.04,44.54,0.028,4327.63,346.32,12.79,2026-05-15 14:05:15,pending,,
PPLPHARMA,Piramal Pharma Ltd.,Healthcare,Drug Manufacturers - Specialty & Generic,,,23167.13,1199.88,5674.59,0.695,8869.08,-325.94,,2026-05-15 14:05:17,pending,,
SYRMA,Syrma SGS Technology Ltd.,Technology,Electronic Components,,,19659.3,80.86,664.6,0.13,4819.06,317.78,45.16,2026-05-15 14:05:20,pending,,
MSUMI,Motherson Sumi Wiring India Ltd.,Consumer Cyclical,Auto Parts,,,26725.6,66.24,233.17,0.108,11428.73,625.18,8.68,2026-05-15 14:05:23,pending,,
GROWW,Billionbrains Garage Ventures Ltd.,Financial Services,Capital Markets,,,117045.57,1165.47,292.23,0.03,4769.93,2083.0,,2026-05-15 14:05:26,pending,,
LATENTVIEW,Latent View Analytics Ltd.,Industrials,Consulting Services,,,6370.19,69.44,28.76,0.015,1013.29,198.85,10.38,2026-05-15 14:05:28,pending,,
AEGISVOPAK,Aegis Vopak Terminals Ltd.,Energy,Oil & Gas Equipment & Services,,,22000.28,105.57,3272.95,0.423,708.65,204.51,,2026-05-15 14:05:30,pending,,
DATAPATTNS,Data Patterns (India) Ltd.,Industrials,Aerospace & Defense,,,21391.47,37.64,6.17,0.004,976.13,247.07,33.15,2026-05-15 14:05:32,pending,,
LICI,Life Insurance Corporation of India,Financial Services,Insurance - Life,,,508276.77,54453.63,,,945584.97,56484.13,127.11,2026-05-15 14:05:34,pending,,
HONASA,Honasa Consumer Ltd.,Consumer Defensive,Household & Personal Products,,,11548.15,32.97,136.4,0.112,2268.42,155.73,66.62,2026-05-15 14:05:36,pending,,
BLUEJET,Blue Jet Healthcare Ltd.,Healthcare,Biotechnology,,,7545.75,32.98,19.99,0.016,1053.1,293.57,18.9,2026-05-15 14:05:39,pending,,
ATHERENERG,Ather Energy Ltd.,Consumer Cyclical,Auto Manufacturers,,,35659.5,111.94,664.22,0.258,3671.76,-517.17,,2026-05-15 14:05:41,pending,,
PWL,Physicswallah Ltd.,Consumer Defensive,Education & Training Services,,,33332.58,53.71,996.66,0.67,3595.73,-240.7,,2026-05-15 14:05:43,pending,,
OLAELEC,Ola Electric Mobility Ltd.,Consumer Cyclical,Auto Manufacturers,,,15125.37,339.0,3556.0,0.719,2599.0,-2203.0,,2026-05-15 14:05:46,pending,,
NSLNISP,NMDC Steel Ltd.,Basic Materials,Steel,,,12941.56,7.04,5908.94,0.408,12601.06,-806.57,,2026-05-15 14:05:48,pending,,
NETWEB,Netweb Technologies India Ltd.,Technology,Computer Hardware,,,21945.51,365.52,282.22,0.39,2183.56,205.82,63.68,2026-05-15 14:05:51,pending,,
NTPCGREEN,NTPC Green Energy Ltd.,Utilities,Utilities - Renewable,,,91349.84,36.04,19440.98,1.158,2568.06,558.75,66.64,2026-05-15 14:05:53,pending,,
IGIL,International Gemological Institute Ltd.,Basic Materials,Other Precious Metals & Mining,,,14103.53,98.38,142.6,0.101,1229.1,531.6,30.04,2026-05-15 14:05:55,pending,,
HYUNDAI,Hyundai Motor India Ltd.,Consumer Cyclical,Auto Manufacturers,,,148418.76,4845.72,850.23,0.055,70763.33,5431.52,24.8,2026-05-15 14:05:57,pending,,
MEESHO,Meesho Ltd.,Consumer Cyclical,Internet Retail,,,88207.45,147.06,58.27,0.014,12626.35,-1357.74,,2026-05-15 14:06:00,pending,,
SAGILITY,Sagility Ltd.,Healthcare,Health Information Services,,,19713.07,343.76,1401.94,0.139,6737.07,849.61,93.78,2026-05-15 14:06:02,pending,,
JAINREC,Jain Resource Recycling Ltd.,Basic Materials,Other Industrial Metals & Mining,,,19794.12,23.59,928.31,0.948,8894.54,342.84,37.23,2026-05-15 14:06:04,pending,,
ATUL,Atul Ltd.,Basic Materials,Specialty Chemicals,,,20986.08,85.06,183.02,0.029,6273.54,677.9,9.66,2026-05-15 14:06:06,pending,,
M&M,Mahindra & Mahindra Ltd.,Consumer Cyclical,Auto Manufacturers,,,375874.6,4292.24,133963.15,1.251,202084.35,17098.85,18.48,2026-05-15 14:06:09,pending,,
GRANULES,Granules India Ltd.,Healthcare,Drug Manufacturers - Specialty & Generic,,,18318.39,880.24,1512.04,0.297,5365.64,595.02,4.82,2026-05-15 14:06:11,pending,,
AFCONS,Afcons Infrastructure Ltd.,Industrials,Engineering & Construction,,,12394.34,440.17,2343.3,0.661,12557.81,450.79,10.96,2026-05-15 14:06:13,pending,,
CHOICEIN,Choice International Ltd.,Financial Services,Capital Markets,,,14865.87,194.45,907.65,0.498,1055.41,217.66,53.6,2026-05-15 14:06:15,pending,,
GODREJCP,Godrej Consumer Products Ltd.,Consumer Defensive,Household & Personal Products,,,106775.58,976.87,4415.81,0.349,15177.9,1861.47,3.02,2026-05-15 14:06:18,pending,,
MRPL,Mangalore Refinery & Petrochemicals Ltd.,Energy,Oil & Gas Refining & Marketing,,,26565.89,564.48,15341.02,1.081,88667.49,1924.58,-10.17,2026-05-15 14:06:20,pending,,
TRAVELFOOD,Travel Food Services Ltd.,Consumer Cyclical,Restaurants,,,14870.57,25.3,333.09,0.237,1553.69,423.08,315.44,2026-05-15 14:06:22,pending,,
SCI,Shipping Corporation of India Ltd.,Industrials,Marine Shipping,,,15692.77,135.71,2228.49,0.295,3708.94,40.89,-0.66,2026-05-15 14:06:25,pending,,
CONCOR,Container Corporation of India Ltd.,Industrials,Railroads,,,39760.26,362.32,837.21,0.07,9103.5,1277.68,6.85,2026-05-15 14:06:27,pending,,
SAIL,Steel Authority of India Ltd.,Basic Materials,Steel,,,80247.84,291.58,36933.94,0.578,109313.49,2788.33,-42.14,2026-05-15 14:06:29,pending,,
LICHSGFIN,LIC Housing Finance Ltd.,Financial Services,Mortgage Finance,,,30324.97,1438.01,262538.28,6.425,9072.94,5603.67,33.53,2026-05-15 14:06:31,pending,,
IKS,Inventurus Knowledge Solutions Ltd.,Healthcare,Health Information Services,,,26361.18,180.42,855.62,0.342,3060.09,663.39,27.78,2026-05-15 14:06:33,pending,,
ABB,ABB India Ltd.,Industrials,Specialty Industrial Machinery,,,136087.55,1552.57,84.82,0.011,13376.72,1554.0,17.97,2026-05-15 14:06:36,pending,,
BAJAJHLDNG,Bajaj Holdings & Investment Ltd.,Financial Services,Asset Management,,,115277.82,11.75,9.62,0.0,1123.87,9636.75,25.71,2026-05-15 14:06:38,pending,,
NUVOCO,Nuvoco Vistas Corporation Ltd.,Basic Materials,Building Materials,,,11514.71,88.11,4916.1,0.481,11338.29,359.35,183.08,2026-05-15 14:06:41,pending,,
BSE,BSE Ltd.,Financial Services,Financial Data & Stock Exchanges,,,162833.39,24.01,3.26,0.0,5124.25,2485.03,73.4,2026-05-15 14:06:43,pending,,
BALRAMCHIN,Balrampur Chini Mills Ltd.,Consumer Defensive,Confectioners,,,10993.17,0.36,2626.98,0.198,6170.84,448.02,-2.03,2026-05-15 14:06:45,pending,,
CARBORUNIV,Carborundum Universal Ltd.,Industrials,Conglomerates,,,20992.27,377.93,160.96,0.08,5025.07,241.46,-4.24,2026-05-15 14:06:48,pending,,
CHOLAFIN,Cholamandalam Investment and Finance Company Ltd.,Financial Services,Credit Services,,,132536.44,6521.34,175594.72,6.933,13152.63,5232.61,25.56,2026-05-15 14:06:50,pending,,
JSWENERGY,JSW Energy Ltd.,Utilities,Utilities - Independent Power Producers,,,91608.35,3233.53,50185.65,2.292,18901.13,2239.31,4.11,2026-05-15 14:06:52,pending,,
INDUSTOWER,Indus Towers Ltd.,Communication Services,Telecom Services,,,113463.53,47.3,21126.9,0.533,32493.1,7144.9,51.86,2026-05-15 14:06:54,pending,,
MMTC,MMTC Ltd.,Industrials,Conglomerates,,,9528.0,29.77,2.44,0.018,3.03,263.57,,2026-05-15 14:06:56,pending,,
SBILIFE,SBI Life Insurance Company Ltd.,Financial Services,Insurance - Life,,,186795.81,3207.94,,,112291.11,2470.3,12.81,2026-05-15 14:06:59,pending,,
EIDPARRY,E.I.D. Parry (India) Ltd.,Basic Materials,Agricultural Inputs,,,14063.28,403.89,2704.06,0.184,37474.82,1189.36,-1.06,2026-05-15 14:07:01,pending,,
HDFCAMC,HDFC Asset Management Company Ltd.,Financial Services,Asset Management,,,116076.35,11.58,,,4622.2,2858.06,26.16,2026-05-15 14:07:03,pending,,
FIVESTAR,Five-Star Business Finance Ltd.,Financial Services,Credit Services,,,13547.07,1617.9,8200.43,1.111,2264.62,1098.75,22.11,2026-05-15 14:07:06,pending,,
GAIL,GAIL (India) Ltd.,Utilities,Utilities - Regulated Gas,,,107206.67,1317.18,21595.38,0.254,142463.24,8589.51,0.52,2026-05-15 14:07:08,pending,,
GMDCLTD,Gujarat Mineral Development Corporation Ltd.,Energy,Thermal Coal,,,21050.01,118.86,126.44,0.041,2736.34,988.8,15.43,2026-05-15 14:07:10,pending,,
JSWDULUX,JSW Dulux Ltd.,Consumer Durables,,,,13278.64,248.2,62.1,,,,13.97,2026-05-15 14:07:12,pending,,
PFC,Power Finance Corporation Ltd.,Financial Services,Credit Services,,,147003.03,1037.57,1000810.42,5.86,47696.53,25900.95,17.94,2026-05-15 14:07:15,pending,,
CYIENT,Cyient Ltd.,Industrials,Conglomerates,,,9657.3,1457.5,431.1,0.07,7268.2,427.9,-5.95,2026-05-15 14:07:17,pending,,
KFINTECH,Kfin Technologies Ltd.,Technology,Software - Application,,,14132.0,30.98,46.52,0.033,1301.49,343.71,30.83,2026-05-15 14:07:19,pending,,
NATIONALUM,National Aluminium Co. Ltd.,Basic Materials,Aluminum,,,73924.43,121.4,311.1,0.003,18508.88,5797.01,21.3,2026-05-15 14:07:22,pending,,
TATATECH,Tata Technologies Ltd.,Technology,Information Technology Services,,,25191.46,682.34,937.98,0.239,5505.57,546.59,-4.32,2026-05-15 14:07:32,pending,,
KIRLOSENG,Kirloskar Oil Eng Ltd.,Industrials,Specialty Industrial Machinery,,,24910.2,741.06,5818.53,1.657,7354.08,543.86,40.99,2026-05-15 14:07:35,pending,,
SAMMAANCAP,Sammaan Capital Ltd.,Financial Services,Mortgage Finance,,,16315.59,3349.63,42725.64,2.035,3212.9,1280.91,,2026-05-15 14:07:37,pending,,
DELHIVERY,Delhivery Ltd.,Industrials,Integrated Freight & Logistics,,,35594.03,335.97,1421.6,0.172,9849.87,152.83,,2026-05-15 14:07:39,pending,,
CHOLAHLDNG,Cholamandalam Financial Holdings Ltd.,Financial Services,Credit Services,,,31366.35,5385.91,174366.44,6.213,25187.71,2441.29,28.56,2026-05-15 14:07:41,pending,,
ABLBL,Aditya Birla Lifestyle Brands Ltd.,Consumer Cyclical,Apparel Retail,,,12754.92,90.96,3018.1,2.668,8163.81,154.86,187.0,2026-05-15 14:07:43,pending,,
TATACOMM,Tata Communications Ltd.,Communication Services,Telecom Services,,,48307.5,641.96,12248.9,3.355,24802.72,1043.76,-17.69,2026-05-15 14:07:46,pending,,
THERMAX,Thermax Ltd.,Industrials,Conglomerates,,,50921.7,417.68,1733.77,0.422,10961.63,720.5,26.65,2026-05-15 14:07:48,pending,,
TRITURBINE,Triveni Turbine Ltd.,Industrials,Specialty Industrial Machinery,,,19375.7,98.19,39.16,0.029,2039.54,341.67,9.75,2026-05-15 14:07:50,pending,,
BLS,BLS International Services Ltd.,Industrials,Specialty Business Services,,,10617.51,281.83,359.06,0.165,2876.42,644.04,65.92,2026-05-15 14:07:52,pending,,
ITC,ITC Ltd.,Consumer Defensive,Tobacco,,,388664.13,620.0,284.84,0.005,79808.72,20376.26,31.61,2026-05-15 14:07:54,pending,,
TMPV,Tata Motors Passenger Vehicles Ltd.,Consumer Cyclical,Auto Manufacturers,,,131775.96,34349.0,74004.0,0.653,341369.0,-1632.0,,2026-05-15 14:07:57,pending,,
HEROMOTOCO,Hero MotoCorp Ltd.,Consumer Cyclical,Auto Manufacturers,,,101907.33,686.71,778.61,0.036,47411.24,5741.73,26.9,2026-05-15 14:07:59,pending,,
GLAXO,Glaxosmithkline Pharmaceuticals Ltd.,Healthcare,Drug Manufacturers - General,,,41345.24,538.85,9.95,0.021,3800.74,1020.99,-18.2,2026-05-15 14:08:02,pending,,
PINELABS,Pine Labs Ltd.,Technology,Software - Infrastructure,,,17661.64,951.46,970.4,0.231,2608.72,24.24,,2026-05-15 14:08:04,pending,,
PNB,Punjab National Bank,Financial Services,Banks - Regional,,,118135.97,164121.98,107558.4,,58910.62,18392.69,76.44,2026-05-15 14:08:06,pending,,
J&KBANK,Jammu & Kashmir Bank Ltd.,Financial Services,Banks - Regional,,,14563.14,7855.24,3431.0,,6804.15,2359.51,25.96,2026-05-15 14:08:08,pending,,
EMCURE,Emcure Pharmaceuticals Ltd.,Healthcare,Drug Manufacturers - Specialty & Generic,,,32343.98,136.66,1521.24,0.306,9203.54,924.36,20.22,2026-05-15 14:08:11,pending,,
COROMANDEL,Coromandel International Ltd.,Basic Materials,Agricultural Inputs,,,54567.1,422.53,6528.29,0.115,31479.54,1956.15,-0.95,2026-05-15 14:08:13,pending,,
FEDERALBNK,Federal Bank Ltd.,Financial Services,Banks - Regional,,,69794.9,26897.32,33193.25,,14530.07,4345.3,11.15,2026-05-15 14:08:15,pending,,
BDL,Bharat Dynamics Ltd.,Industrials,Aerospace & Defense,,,48712.49,133.86,2.12,0.0,3738.56,579.93,3.21,2026-05-15 14:08:18,pending,,
CASTROLIND,Castrol India Ltd.,Energy,Oil & Gas Refining & Marketing,,,17969.39,426.62,62.81,0.033,5850.36,958.65,5.23,2026-05-15 14:08:20,pending,,
BATAINDIA,Bata India Ltd.,Consumer Cyclical,Footwear & Accessories,,,8950.66,202.93,1446.45,0.904,3476.08,177.91,47.52,2026-05-15 14:08:22,pending,,
HAVELLS,Havells India Ltd.,Industrials,Electrical Equipment & Parts,,,75609.54,790.62,265.2,0.028,22527.77,1690.56,16.41,2026-05-15 14:08:25,pending,,
GPIL,Godawari Power & Ispat Ltd.,Basic Materials,Steel,,,18654.98,329.04,308.83,0.036,5238.46,741.92,-17.9,2026-05-15 14:08:27,pending,,
CHENNPETRO,Chennai Petroleum Corporation Ltd.,Energy,Oil & Gas Refining & Marketing,,,15086.21,905.04,1964.16,0.177,63640.06,3102.7,-4.22,2026-05-15 14:08:29,pending,,
MFSL,Max Financial Services Ltd.,Financial Services,Insurance - Life,,,54965.2,1453.75,1442.11,0.127,47696.43,82.85,8.9,2026-05-15 14:08:31,pending,,
CGCL,Capri Global Capital Ltd.,Financial Services,Credit Services,,,17875.86,2081.81,24112.1,3.347,2822.65,949.15,66.77,2026-05-15 14:08:34,pending,,
PFIZER,Pfizer Ltd.,Healthcare,Drug Manufacturers - General,,,21593.84,495.07,108.4,0.017,2519.65,722.43,7.81,2026-05-15 14:08:36,pending,,
FACT,Fertilisers and Chemicals Travancore Ltd.,Basic Materials,Agricultural Inputs,,,57718.82,207.87,1804.63,2.79,2332.56,179.47,-50.81,2026-05-15 14:08:38,pending,,
WELCORP,Welspun Corp Ltd.,Basic Materials,Steel,,,34677.07,1147.12,1082.64,0.183,16382.55,1941.0,63.22,2026-05-15 14:08:41,pending,,
PVRINOX,PVR INOX Ltd.,Communication Services,Entertainment,,,10029.16,522.5,7774.6,1.051,6421.7,22.4,,2026-05-15 14:08:43,pending,,
TATACONSUM,Tata Consumer Products Ltd.,Consumer Defensive,Packaged Foods,,,122059.55,2725.93,2392.68,0.122,20290.43,1542.3,10.96,2026-05-15 14:08:45,pending,,
WELSPUNLIV,Welspun Living Ltd.,Consumer Cyclical,Textile Manufacturing,,,13199.02,257.02,2762.0,0.55,9609.58,232.56,2.06,2026-05-15 14:08:47,pending,,
DMART,Avenue Supermarts Ltd.,Consumer Defensive,Discount Stores,,,283875.95,283.71,2424.99,0.099,68820.74,2970.49,7.69,2026-05-15 14:08:49,pending,,
SUPREMEIND,Supreme Industries Ltd.,Industrials,Building Products & Equipment,,,44697.21,648.84,90.84,0.015,11217.68,953.98,3.3,2026-05-15 14:08:52,pending,,
MARICO,Marico Ltd.,Consumer Defensive,Household & Personal Products,,,109255.61,404.0,557.0,0.124,13611.0,1762.0,10.61,2026-05-15 14:08:54,pending,,
TENNIND,Tenneco Clean Air India Ltd.,Consumer Cyclical,Auto Parts,,,,285.9,70.04,0.024,5177.82,577.14,20.36,2026-05-15 14:08:56,pending,,
EMMVEE,Emmvee Photovoltaic Power Ltd.,Technology,Solar,,,18056.36,242.62,360.06,0.097,5049.88,1081.55,394.6,2026-05-15 14:08:58,pending,,
ENRIN,Siemens Energy India Ltd.,Utilities,Utilities - Renewable,,,111398.07,132.2,147.6,0.045,8814.5,1309.8,83.35,2026-05-15 14:09:01,pending,,
TMCV,Tata Motors Ltd.,Consumer Cyclical,Auto Manufacturers,,,139523.54,34349.0,71540.0,0.441,84979.0,3030.0,-28.35,2026-05-15 14:09:03,pending,,
GVT&D,GE Vernova T&D India Ltd.,Industrials,Specialty Industrial Machinery,,,112532.46,471.19,34.56,0.015,5721.77,1067.97,,2026-05-15 14:09:05,pending,,
VBL,Varun Beverages Ltd.,Consumer Defensive,Beverages - Non-Alcoholic,,,170822.86,1784.18,2508.18,0.127,22692.63,3182.36,26.57,2026-05-15 14:09:07,pending,,
PIRAMALFIN,Piramal Finance Ltd.,Financial Services,Credit Services,,,42696.85,4123.12,79861.32,2.837,5196.0,1504.31,,2026-05-15 14:09:09,pending,,
IREDA,Indian Renewable Energy Development Agency Ltd.,Financial Services,Credit Services,,,35930.07,57.29,64740.31,5.541,697.49,320.51,38.92,2026-05-15 14:09:11,pending,,
IGL,Indraprastha Gas Ltd.,Utilities,Utilities - Regulated Gas,,,21445.22,144.62,93.49,0.009,15967.72,1664.22,4.57,2026-05-15 14:09:14,pending,,
VEDL,Vedanta Ltd.,Basic Materials,Other Industrial Metals & Mining,,,128799.89,1370.0,27844.0,0.48,76672.0,4775.0,18.04,2026-05-15 14:09:16,pending,,
ELECON,Elecon Engineering Co. Ltd.,Industrials,Specialty Industrial Machinery,,,10950.72,169.23,272.65,0.118,2366.05,341.15,12.83,2026-05-15 14:09:19,pending,,
POLYMED,Poly Medicure Ltd.,Healthcare,Medical Instruments & Supplies,,,15489.83,8.7,180.25,0.082,1781.58,347.68,32.21,2026-05-15 14:09:21,pending,,
AIIL,Authum Investment & Infrastructure Ltd.,Financial Services,Capital Markets,,,43110.93,108.49,1054.2,0.203,3299.88,3633.47,85.1,2026-05-15 14:09:23,pending,,
ASHOKLEY,Ashok Leyland Ltd.,Industrials,Farm & Heavy Construction Machinery,,,89899.34,6544.77,49962.11,3.279,53811.19,3310.42,,2026-05-15 14:09:25,pending,,
AEGISLOG,Aegis Logistics Ltd.,Energy,Oil & Gas Refining & Marketing,,,23757.43,1410.79,4606.04,0.284,7443.86,769.46,22.88,2026-05-15 14:09:28,pending,,
JWL,Jupiter Wagons Ltd.,Industrials,Railroads,,,11848.84,440.74,501.62,0.267,3180.1,245.52,97.43,2026-05-15 14:09:31,pending,,
PHOENIXLTD,Phoenix Mills Ltd.,Real Estate,Real Estate - Diversified,,,62372.5,181.41,5323.0,0.372,4422.8,1223.82,-2.86,2026-05-15 14:09:33,pending,,
AIAENG,AIA Engineering Ltd.,Industrials,Specialty Industrial Machinery,,,36371.61,397.11,490.57,0.139,4310.64,1162.1,19.62,2026-05-15 14:09:36,pending,,
ONGC,Oil & Natural Gas Corporation Ltd.,Energy,Oil & Gas Integrated,,,377219.68,1667.59,187817.3,0.438,655995.91,38035.87,-7.33,2026-05-15 14:09:38,pending,,
LTM,LTM Ltd.,Technology,Information Technology Services,,,117499.44,2331.1,2310.0,0.096,42307.6,5018.1,4.41,2026-05-15 14:09:41,pending,,
BRITANNIA,Britannia Industries Ltd.,Consumer Defensive,Packaged Foods,,,130369.97,220.0,1380.28,0.269,19151.59,2533.49,2.95,2026-05-15 14:09:43,pending,,
AAVAS,Aavas Financiers Ltd.,Financial Services,Mortgage Finance,,,11013.96,228.57,15685.57,3.106,1556.27,654.88,15.08,2026-05-15 14:09:45,pending,,
KAJARIACER,Kajaria Ceramics Ltd.,Industrials,Building Products & Equipment,,,17037.36,18.87,273.86,0.097,4678.86,406.08,-7.92,2026-05-15 14:09:50,pending,,
KPIL,Kalpataru Projects International Ltd.,Industrials,Engineering & Construction,,,21587.36,1601.69,4313.51,0.697,26431.93,831.25,2.73,2026-05-15 14:10:13,pending,,
JSL,Jindal Stainless Ltd.,Basic Materials,Steel,,,62088.74,415.12,7460.33,0.375,42954.66,3193.45,14.73,2026-05-15 14:10:16,pending,,
VOLTAS,Voltas Ltd.,Consumer Cyclical,"Furnishings, Fixtures & Appliances",,,41443.31,649.79,891.97,0.155,14482.65,375.88,18.62,2026-05-15 14:10:18,pending,,
CLEAN,Clean Science and Technology Ltd.,Basic Materials,Specialty Chemicals,,,8340.64,20.03,2.13,0.001,970.98,245.47,4.99,2026-05-15 14:10:23,pending,,
USHAMART,Usha Martin Ltd.,Basic Materials,Steel,,,14442.27,260.72,416.71,0.069,3759.94,490.88,11.83,2026-05-15 14:10:33,pending,,
EIHOTEL,EIH Ltd.,Consumer Cyclical,Lodging,,,19955.37,377.85,265.06,0.052,2926.47,643.6,,2026-05-15 14:10:36,pending,,
GODREJIND,Godrej Industries Ltd.,Industrials,Conglomerates,,,37385.34,2842.65,38087.83,2.127,23164.98,979.34,14.5,2026-05-15 14:10:38,pending,,
BLUEDART,Blue Dart Express Ltd.,Industrials,Integrated Freight & Logistics,,,12001.59,166.32,1007.53,,6028.9,253.69,-12.92,2026-05-15 14:10:40,pending,,
FINCABLES,Finolex Cables Ltd.,Industrials,Electrical Equipment & Parts,,,16245.22,90.13,19.99,0.004,5964.51,681.0,5.36,2026-05-15 14:10:42,pending,,
KOTAKBANK,Kotak Mahindra Bank Ltd.,Financial Services,Banks - Regional,,,387961.87,102091.11,95393.53,,74043.33,19287.89,8.92,2026-05-15 14:10:44,pending,,
AXISBANK,Axis Bank Ltd.,Financial Services,Banks - Regional,,,390098.69,109351.57,280510.82,,74519.88,26384.85,34.61,2026-05-15 14:10:46,pending,,
NESTLEIND,Nestle India Ltd.,Consumer Defensive,Packaged Foods,,,278911.39,49.78,1166.85,0.086,23154.6,3499.08,23.05,2026-05-15 14:10:48,pending,,
IOC,Indian Oil Corporation Ltd.,Energy,Oil & Gas Refining & Marketing,,,191258.06,673.17,152270.7,0.726,771396.47,35761.82,-18.48,2026-05-15 14:10:50,pending,,
ANANTRAJ,Anant Raj Ltd.,Real Estate,Real Estate - Development,,,17650.16,330.02,481.6,0.117,2579.08,554.85,96.04,2026-05-15 14:10:53,pending,,
TATAPOWER,Tata Power Co. Ltd.,Utilities,Utilities - Independent Power Producers,,,130369.85,4862.47,67995.82,1.678,62428.59,3747.19,31.62,2026-05-15 14:10:55,pending,,
ITI,ITI Ltd.,Technology,Communication Equipment,,,27638.66,148.66,1480.8,0.871,2601.77,-147.64,,2026-05-15 14:10:57,pending,,
MAZDOCK,Mazagoan Dock Shipbuilders Ltd.,Industrials,Aerospace & Defense,,,100683.64,2731.42,447.37,0.045,14145.71,2583.38,32.16,2026-05-15 14:11:00,pending,,
ZENTEC,Zen Technologies Ltd.,Industrials,Aerospace & Defense,,,14125.15,78.94,18.52,0.01,834.59,262.96,65.42,2026-05-15 14:11:02,pending,,
ZEEL,Zee Entertainment Enterprises Ltd.,Communication Services,Broadcasting,,,8533.25,720.4,320.9,0.025,8240.8,564.1,-11.02,2026-05-15 14:11:04,pending,,
BHEL,Bharat Heavy Electricals Ltd.,Industrials,Specialty Industrial Machinery,,,139804.84,1435.45,8186.95,0.313,33782.18,1600.26,35.91,2026-05-15 14:11:07,pending,,
BEML,BEML Ltd.,Industrials,Conglomerates,,,14942.88,4.38,317.16,0.238,4208.88,249.14,31.46,2026-05-15 14:11:09,pending,,
SUMICHEM,Sumitomo Chemical India Ltd.,Basic Materials,Agricultural Inputs,,,23003.13,38.23,51.89,0.018,3233.99,531.32,6.07,2026-05-15 14:11:11,pending,,
COLPAL,Colgate Palmolive (India) Ltd.,Consumer Defensive,Household & Personal Products,,,58776.09,668.1,60.84,0.038,5902.2,1326.99,10.04,2026-05-15 14:11:14,pending,,
GODFRYPHLP,Godfrey Phillips India Ltd.,Consumer Defensive,Tobacco,,,37911.37,14.25,177.49,0.03,6177.22,1298.27,34.76,2026-05-15 14:11:16,pending,,
OLECTRA,Olectra Greentech Ltd.,Industrials,Farm & Heavy Construction Machinery,,,10245.32,5.67,254.85,0.325,169.83,3.41,57.79,2026-05-15 14:11:18,pending,,
PERSISTENT,Persistent Systems Ltd.,Technology,Information Technology Services,,,73516.08,1074.91,477.45,0.061,14748.45,1865.12,26.51,2026-05-15 14:11:21,pending,,
BEL,Bharat Electronics Ltd.,Industrials,Aerospace & Defense,,,309971.18,713.45,61.23,0.003,26535.27,5963.82,30.42,2026-05-15 14:11:23,pending,,
HINDZINC,Hindustan Zinc Ltd.,Basic Materials,Other Industrial Metals & Mining,,,270885.19,297.0,8833.0,0.39,39192.0,13832.0,9.58,2026-05-15 14:11:25,pending,,
SONATSOFTW,Sonata Software Ltd.,Technology,Information Technology Services,,,7429.16,372.53,723.03,0.38,10805.78,464.39,0.91,2026-05-15 14:11:28,pending,,
DLF,DLF Ltd.,Real Estate,Real Estate - Development,,,141451.68,313.81,4102.73,0.041,9507.54,4428.32,42.77,2026-05-15 14:11:30,pending,,
OIL,Oil India Ltd.,Energy,Oil & Gas Integrated,,,84510.4,613.18,30645.24,0.587,33946.13,6619.94,5.23,2026-05-15 14:11:32,pending,,
TITAN,Titan Company Ltd.,Consumer Cyclical,Luxury Goods,,,371148.61,873.0,30621.0,1.95,87584.0,5073.0,16.0,2026-05-15 14:11:35,pending,,
LLOYDSME,Lloyds Metals And Energy Ltd.,Basic Materials,Steel,,,98396.72,2121.86,20716.36,1.452,17112.67,3680.85,,2026-05-15 14:11:37,pending,,
ELGIEQUIP,Elgi Equipments Ltd.,Industrials,Specialty Industrial Machinery,,,16668.39,120.3,577.2,0.263,3831.0,404.3,25.2,2026-05-15 14:11:39,pending,,
TECHNOE,Techno Electric & Engineering Company Ltd.,Industrials,Engineering & Construction,,,14029.22,32.33,39.09,0.016,3057.39,468.83,17.03,2026-05-15 14:11:42,pending,,
DEEPAKNTR,Deepak Nitrite Ltd.,Basic Materials,Chemicals,,,25000.84,179.41,1267.01,0.224,7946.43,533.14,-13.21,2026-05-15 14:11:44,pending,,
CARTRADE,Cartrade Tech Ltd.,Consumer Cyclical,Auto & Truck Dealerships,,,8842.24,31.4,140.43,0.054,779.27,223.0,87.19,2026-05-15 14:11:46,pending,,
HBLENGINE,HBL Engineering Ltd.,Industrials,Electrical Equipment & Parts,,,21617.05,116.95,74.3,0.044,3174.28,796.1,43.4,2026-05-15 14:11:48,pending,,
BAJFINANCE,Bajaj Finance Ltd.,Financial Services,Credit Services,,,568749.2,15755.32,366579.74,3.134,43834.58,19017.39,18.23,2026-05-15 14:11:51,pending,,
GALLANTT,Gallantt Ispat Ltd.,Basic Materials,Steel,,,18328.91,101.65,547.69,,4286.25,477.74,50.91,2026-05-15 14:11:53,pending,,
CUMMINSIND,Cummins India Ltd.,Industrials,Specialty Industrial Machinery,,,149175.18,234.99,29.66,0.003,11602.39,2241.79,28.9,2026-05-15 14:11:56,pending,,
NAM-INDIA,Nippon Life India Asset Management Ltd.,Financial Services,Asset Management,,,70237.38,16.58,75.34,0.016,2933.07,1529.38,28.35,2026-05-15 14:11:58,pending,,
CROMPTON,Crompton Greaves Consumer Electricals Ltd.,Consumer Cyclical,"Furnishings, Fixtures & Appliances",,,19558.91,203.68,478.59,0.048,7872.53,461.25,-1.31,2026-05-15 14:12:01,pending,,
EXIDEIND,Exide Industries Ltd.,Consumer Cyclical,Auto Parts,,,29728.75,250.81,1575.4,0.113,17995.35,854.19,1.26,2026-05-15 14:12:03,pending,,
KALYANKJIL,Kalyan Jewellers India Ltd.,Consumer Cyclical,Luxury Goods,,,36553.84,370.33,4959.36,0.97,35742.86,1350.39,47.18,2026-05-15 14:12:05,pending,,
INTELLECT,Intellect Design Arena Ltd.,Technology,Software - Application,,,9633.55,301.9,71.78,0.05,3038.18,345.43,-1.58,2026-05-15 14:12:07,pending,,
PIDILITIND,Pidilite Industries Ltd.,Basic Materials,Specialty Chemicals,,,149765.65,232.49,417.21,0.038,14600.83,2448.92,24.36,2026-05-15 14:12:10,pending,,
RITES,RITES Ltd.,Industrials,Engineering & Construction,,,10241.67,688.1,9.03,0.003,2262.5,413.01,-9.34,2026-05-15 14:12:12,pending,,
DOMS,DOMS Industries Ltd.,Industrials,Business Equipment & Supplies,,,13749.55,60.45,211.77,0.136,2231.11,221.88,141.53,2026-05-15 14:12:15,pending,,
GILLETTE,Gillette India Ltd.,Consumer Defensive,Household & Personal Products,,,25491.42,473.43,0.05,0.0,3075.0,620.48,9.87,2026-05-15 14:12:17,pending,,
BOSCHLTD,Bosch Ltd.,Consumer Cyclical,Auto Parts,,,111294.24,352.9,118.3,0.008,19184.8,2756.7,18.26,2026-05-15 14:12:19,pending,,
JINDALSAW,Jindal Saw Ltd.,Basic Materials,Steel,,,14542.86,406.72,4690.74,0.382,17895.17,973.35,14.76,2026-05-15 14:12:21,pending,,
LGEINDIA,LG Electronics India Ltd.,Technology,Consumer Electronics,,,107585.43,,,0.069,23999.78,1746.91,,2026-05-15 14:12:23,pending,,
TIMKEN,Timken India Ltd.,Industrials,Tools & Accessories,,,26702.65,394.35,16.62,0.006,3292.51,432.08,11.0,2026-05-15 14:12:25,pending,,
LUPIN,Lupin Ltd.,Healthcare,Drug Manufacturers - Specialty & Generic,,,104025.75,1930.78,5447.77,0.294,27958.03,5332.84,,2026-05-15 14:12:28,pending,,
RAMCOCEM,The Ramco Cements Ltd.,Basic Materials,Building Materials,,,21820.42,171.43,4674.61,0.622,8815.71,575.37,-32.37,2026-05-15 14:12:30,pending,,
IRCTC,Indian Railway Catering And Tourism Corporation Ltd.,Consumer Cyclical,Travel Services,,,43060.0,377.51,89.8,0.018,5023.67,1425.29,25.86,2026-05-15 14:12:32,pending,,
CONCORDBIO,Concord Biotech Ltd.,Healthcare,Biotechnology,,,11985.88,0.9,2.97,0.001,1158.69,312.5,28.55,2026-05-15 14:12:34,pending,,
MOTILALOFS,Motilal Oswal Financial Services Ltd.,Financial Services,Capital Markets,,,51104.56,6592.53,14731.61,1.644,7970.52,1869.31,24.07,2026-05-15 14:12:36,pending,,
ZFCVINDIA,ZF Commercial Vehicle Control Systems India Ltd.,Consumer Cyclical,Auto Parts,,,27673.71,129.6,66.08,,3975.59,497.54,48.02,2026-05-15 14:12:39,pending,,
BHARTIHEXA,Bharti Hexacom Ltd.,Communication Services,Telecom Services,,,78320.0,17.1,7099.7,0.947,9229.1,1754.9,-3.74,2026-05-15 14:12:41,pending,,
SOLARINDS,Solar Industries India Ltd.,Basic Materials,Specialty Chemicals,,,147896.95,588.35,1369.56,0.164,8951.54,1452.15,39.94,2026-05-15 14:12:43,pending,,
ICICIAMC,ICICI Prudential Asset Management Company Ltd.,Financial Services,Asset Management,,,158656.99,133.97,,,6000.92,3298.26,29.58,2026-05-15 14:12:45,pending,,
PETRONET,Petronet LNG Ltd.,Energy,Oil & Gas Refining & Marketing,,,39832.5,1859.29,2341.46,0.105,43494.91,3912.53,5.56,2026-05-15 14:12:47,pending,,
JPPOWER,Jaiprakash Power Ventures Ltd.,Utilities,Utilities - Independent Power Producers,,,12569.24,754.95,3391.08,0.266,5563.46,450.63,101.09,2026-05-15 14:12:50,pending,,
MPHASIS,MphasiS Ltd.,Technology,Information Technology Services,,,39880.77,986.35,1888.22,0.244,15879.65,1862.6,5.96,2026-05-15 14:12:52,pending,,
ABBOTINDIA,Abbott India Ltd.,Healthcare,Drug Manufacturers - Specialty & Generic,,,59041.19,560.59,196.67,0.036,7217.19,1552.02,20.99,2026-05-15 14:12:54,pending,,
DIVISLAB,Divi's Laboratories Ltd.,Healthcare,Drug Manufacturers - Specialty & Generic,,,180425.72,415.0,4.0,0.006,10314.0,2479.0,-9.55,2026-05-15 14:12:56,pending,,
ADANIGREEN,Adani Green Energy Ltd.,Utilities,Utilities - Renewable,,,231280.0,1735.0,101440.0,3.395,12928.0,1652.0,19.26,2026-05-15 14:12:59,pending,,
GRAPHITE,Graphite India Ltd.,Industrials,Electrical Equipment & Parts,,,15316.47,108.7,172.68,0.046,2702.03,329.11,-2.89,2026-05-15 14:13:01,pending,,
AMBER,Amber Enterprises India Ltd.,Consumer Cyclical,"Furnishings, Fixtures & Appliances",,,29825.86,212.8,2058.81,0.743,11792.65,159.84,30.66,2026-05-15 14:13:04,pending,,
APARINDS,Apar Industries Ltd.,Industrials,Electrical Equipment & Parts,,,51013.76,686.42,584.7,0.145,21509.08,973.49,47.35,2026-05-15 14:13:06,pending,,
BIOCON,Biocon Ltd.,Healthcare,Biotechnology,,,69752.7,3226.7,18362.0,0.5,16827.4,604.2,16.05,2026-05-15 14:13:08,pending,,
WAAREEENER,Waaree Energies Ltd.,Technology,Solar,,,87299.3,509.83,1492.37,0.214,26536.77,3711.3,191.18,2026-05-15 14:13:11,pending,,
BAJAJHFL,Bajaj Housing Finance Ltd.,Financial Services,Mortgage Finance,,,69885.81,161.8,103656.79,4.605,4160.9,2560.34,26.73,2026-05-15 14:13:13,pending,,
ITCHOTELS,ITC Hotels Ltd.,Consumer Cyclical,Resorts & Casinos,,,32758.97,78.71,73.3,0.007,3946.32,757.9,,2026-05-15 14:13:15,pending,,
GRSE,Garden Reach Shipbuilders & Engineers Ltd.,Industrials,Aerospace & Defense,,,30832.82,3.88,9.67,0.014,7002.16,747.93,40.66,2026-05-15 14:13:17,pending,,
INDIACEM,India Cements Ltd.,Basic Materials,Building Materials,,,18417.17,13.76,1304.81,0.129,4484.69,-67.25,,2026-05-15 14:13:20,pending,,
SARDAEN,Sarda Energy and Minerals Ltd.,Basic Materials,Steel,,,19507.83,57.82,2861.05,0.377,5697.94,1056.21,-4.53,2026-05-15 14:13:22,pending,,
NYKAA,FSN E-Commerce Ventures Ltd.,Consumer Cyclical,Internet Retail,,,77959.0,124.94,1320.59,0.977,9435.94,141.35,17.17,2026-05-15 14:13:24,pending,,
KEC,Kec International Ltd.,Industrials,Engineering & Construction,,,14726.18,542.21,3957.48,0.941,23987.91,681.0,19.78,2026-05-15 14:13:27,pending,,
BHARTIARTL,Bharti Airtel Ltd.,Communication Services,Telecom Services,,,1162374.6,6105.6,213642.1,0.997,210972.8,26695.2,99.05,2026-05-15 14:13:29,pending,,
SYNGENE,Syngene International Ltd.,Healthcare,Diagnostics & Research,,,18400.76,366.9,577.9,0.095,3738.7,316.7,7.83,2026-05-15 14:13:31,pending,,
RKFORGE,Ramkrishna Forgings Ltd.,Industrials,Metal Fabrication,,,10455.11,162.23,2448.77,0.744,4238.08,71.8,-33.86,2026-05-15 14:13:33,pending,,
ATGL,Adani Total Gas Ltd.,Utilities,Utilities - Regulated Gas,,,68496.17,253.05,2255.45,0.464,5894.41,655.72,6.26,2026-05-15 14:13:36,pending,,
ABSLAMC,Aditya Birla Sun Life AMC Ltd.,Financial Services,Asset Management,,,30068.91,58.4,63.73,0.016,2059.51,975.07,17.81,2026-05-15 14:13:38,pending,,
UNOMINDA,UNO Minda Ltd.,Consumer Cyclical,Auto Parts,,,64983.05,197.9,2472.88,0.431,18849.5,1137.53,38.39,2026-05-15 14:13:40,pending,,
AUROPHARMA,Aurobindo Pharma Ltd.,Healthcare,Drug Manufacturers - Specialty & Generic,,,87962.4,5568.95,8262.87,0.222,33181.86,3486.96,9.59,2026-05-15 14:13:43,pending,,
ERIS,Eris Lifesciences Ltd.,Healthcare,Drug Manufacturers - Specialty & Generic,,,18972.63,199.64,2477.92,0.682,3065.2,431.03,-4.67,2026-05-15 14:13:45,pending,,
NH,Narayana Hrudayalaya Ltd.,Healthcare,Medical Care Facilities,,,37380.53,457.19,2428.37,0.576,6777.67,778.33,32.21,2026-05-15 14:13:47,pending,,
MUTHOOTFIN,Muthoot Finance Ltd.,Financial Services,Credit Services,,,132954.31,8485.66,98815.26,3.797,19237.63,10590.34,9.91,2026-05-15 14:13:50,pending,,
RVNL,Rail Vikas Nigam Ltd.,Industrials,Engineering & Construction,,,59172.87,3127.46,5419.34,0.521,20143.09,1146.77,4.9,2026-05-15 14:13:52,pending,,
POLICYBZR,PB Fintech Ltd.,Financial Services,Insurance Brokers,,,78168.86,746.26,360.15,0.049,6794.02,669.94,,2026-05-15 14:13:54,pending,,
CCL,CCL Products (I) Ltd.,Consumer Defensive,Packaged Foods,,,14922.21,216.52,1324.36,0.565,4465.8,388.11,10.98,2026-05-15 14:13:57,pending,,
ADANIENT,Adani Enterprises Ltd.,Energy,Thermal Coal,,,375227.44,6266.67,106621.79,1.196,100468.61,9339.47,55.92,2026-05-15 14:13:59,pending,,
SBFC,SBFC Finance Ltd.,Financial Services,Credit Services,,,10128.48,481.04,7161.71,1.923,1016.64,450.83,44.4,2026-05-15 14:14:02,pending,,
SUNTV,Sun TV Network Ltd.,Communication Services,Broadcasting,,,21085.5,273.05,123.57,0.012,4425.2,1578.3,1.23,2026-05-15 14:14:04,pending,,
CHALET,Chalet Hotels Ltd.,Consumer Cyclical,Lodging,,,17229.36,109.24,2604.04,0.729,2737.99,605.93,,2026-05-15 14:14:06,pending,,
APOLLOHOSP,Apollo Hospitals Enterprise Ltd.,Healthcare,Medical Care Facilities,,,116070.17,578.1,5419.2,0.836,24215.2,1801.9,11.06,2026-05-15 14:14:08,pending,,
APOLLOTYRE,Apollo Tyres Ltd.,Consumer Cyclical,Auto Parts,,,25239.99,886.1,4410.43,0.291,27558.51,926.06,20.64,2026-05-15 14:14:10,pending,,
ASAHIINDIA,Asahi India Glass Ltd.,Consumer Cyclical,Auto Parts,,,20613.41,36.55,2695.8,0.771,4815.49,304.63,2.5,2026-05-15 14:14:12,pending,,
FORCEMOT,Force Motors Ltd.,Consumer Cyclical,Auto Manufacturers,,,26892.75,506.55,17.43,,9167.51,1211.63,,2026-05-15 14:14:15,pending,,
POLYCAB,Polycab India Ltd.,Industrials,Electrical Equipment & Parts,,,138130.1,390.34,4501.14,0.026,28883.79,2672.03,28.11,2026-05-15 14:14:18,pending,,
MAHABANK,Bank of Maharashtra,Financial Services,Banks - Regional,,,60317.17,27745.6,35233.58,,14239.13,7016.86,39.14,2026-05-15 14:14:20,pending,,
PGEL,PG Electroplast Ltd.,Technology,Electronic Components,,,13890.01,81.22,384.16,0.203,5481.38,276.93,97.4,2026-05-15 14:14:22,pending,,
BAYERCROP,Bayer Cropscience Ltd.,Basic Materials,Agricultural Inputs,,,19570.03,885.5,105.1,0.033,5620.6,670.4,-4.16,2026-05-15 14:14:24,pending,,
BERGEPAINT,Berger Paints India Ltd.,Basic Materials,Specialty Chemicals,,,62101.3,253.95,670.27,0.092,11986.95,1126.87,12.33,2026-05-15 14:14:26,pending,,
ANANDRATHI,Anand Rathi Wealth Ltd.,Financial Services,Asset Management,,,29767.88,240.94,83.48,0.083,1253.11,395.64,32.97,2026-05-15 14:14:29,pending,,
BHARATFORG,Bharat Forge Ltd.,Consumer Cyclical,Auto Parts,,,91673.49,847.88,7308.61,0.765,16811.65,1079.66,26.9,2026-05-15 14:14:31,pending,,
360ONE,360 ONE WAM Ltd.,Financial Services,Asset Management,,,44773.73,569.24,15799.63,1.62,4477.26,1216.17,22.73,2026-05-15 14:14:33,pending,,
TCS,Tata Consultancy Services Ltd.,Technology,Information Technology Services,,,821414.38,6417.0,11283.0,0.104,267021.01,49210.0,5.3,2026-05-15 14:14:36,pending,,
3MINDIA,3M India Ltd.,Industrials,Conglomerates,,,35315.99,932.78,99.54,0.064,4888.75,378.34,20.52,2026-05-15 14:14:38,pending,,
NIACL,The New India Assurance Company Ltd.,Financial Services,Insurance - Diversified,,,27411.18,17710.5,,,49781.75,1412.26,74.66,2026-05-15 14:14:40,pending,,
BLUESTARCO,Blue Star Ltd.,Industrials,Building Products & Equipment,,,34344.25,368.99,809.99,0.236,12463.9,527.68,9.63,2026-05-15 14:14:43,pending,,
LINDEINDIA,Linde India Ltd.,Basic Materials,Specialty Chemicals,,,62961.08,145.37,42.37,,2508.18,589.93,-3.57,2026-05-15 14:14:45,pending,,
MEDANTA,Global Health Ltd.,Healthcare,Medical Care Facilities,,,33622.3,230.2,717.73,0.255,4182.35,513.87,34.88,2026-05-15 14:14:47,pending,,
CAPLIPOINT,Caplin Point Laboratories Ltd.,Healthcare,Drug Manufacturers - Specialty & Generic,,,15222.1,199.45,5.02,0.002,2091.58,613.7,21.39,2026-05-15 14:14:49,pending,,
CANBK,Canara Bank,Financial Services,Banks - Regional,,,116739.28,205890.11,83237.66,,55823.32,19705.91,42.01,2026-05-15 14:14:51,pending,,
CANFINHOME,Can Fin Homes Ltd.,Financial Services,Mortgage Finance,,,11313.44,304.5,38042.23,6.371,1613.42,1085.75,20.46,2026-05-15 14:14:54,pending,,
ULTRACEMCO,UltraTech Cement Ltd.,Basic Materials,Building Materials,,,340530.77,354.48,23755.09,0.294,88511.53,8165.64,17.26,2026-05-15 14:14:56,pending,,
HOMEFIRST,Home First Finance Company India Ltd.,Financial Services,Mortgage Finance,,,11282.56,448.7,10590.05,2.431,1073.52,540.38,33.27,2026-05-15 14:14:59,pending,,
GICRE,General Insurance Corporation of India,Financial Services,Insurance - Reinsurance,,,68053.17,25279.64,,,52566.54,9628.65,46.04,2026-05-15 14:15:01,pending,,
CEATLTD,Ceat Ltd.,Consumer Cyclical,Auto Parts,,,13068.64,39.53,3272.09,0.647,15678.0,698.02,55.35,2026-05-15 14:15:03,pending,,
CENTRALBK,Central Bank of India,Financial Services,Banks - Regional,,,31109.66,37834.71,31854.21,,17139.28,4882.64,39.16,2026-05-15 14:15:04,pending,,
GODREJPROP,Godrej Properties Ltd.,Real Estate,Real Estate - Development,,,51759.54,1860.74,15894.09,0.821,5131.43,1850.2,47.94,2026-05-15 14:15:06,pending,,
CESC,CESC Ltd.,Utilities,Utilities - Regulated Electric,,,23866.9,4208.0,21671.0,1.643,18927.0,1542.0,4.72,2026-05-15 14:15:09,pending,,
CUB,City Union Bank Ltd.,Financial Services,Banks - Regional,,,18740.74,8927.07,5326.8,,3525.66,1326.23,12.26,2026-05-15 14:15:11,pending,,
TVSMOTOR,TVS Motor Company Ltd.,Consumer Cyclical,Auto Manufacturers,,,164532.82,4115.0,28608.71,3.061,56091.53,3018.33,43.48,2026-05-15 14:15:13,pending,,
LTF,L&T Finance Ltd.,Financial Services,Credit Services,,,70641.18,5877.63,110297.66,3.934,9012.85,2981.18,22.46,2026-05-15 14:15:15,pending,,
DCMSHRIRAM,DCM Shriram Ltd.,Industrials,Conglomerates,,,17850.71,619.85,2528.63,0.378,14460.24,853.44,-17.27,2026-05-15 14:15:17,pending,,
DEEPAKFERT,Deepak Fertilisers & Petrochemicals Corp. Ltd.,Basic Materials,Chemicals,,,16691.6,352.57,4152.37,0.62,11162.0,875.1,11.24,2026-05-15 14:15:19,pending,,
ENGINERSIN,Engineers India Ltd.,Industrials,Engineering & Construction,,,13986.42,138.64,22.14,0.007,4012.12,775.87,60.77,2026-05-15 14:15:20,pending,,
POONAWALLA,Poonawalla Fincorp Ltd.,Financial Services,Credit Services,,,36783.57,286.0,48435.8,4.259,2536.24,349.35,-7.47,2026-05-15 14:15:23,pending,,
SCHAEFFLER,Schaeffler India Ltd.,Consumer Cyclical,Auto Parts,,,63574.95,963.8,54.67,0.009,9685.85,1150.35,9.37,2026-05-15 14:15:25,pending,,
TTML,Tata Teleservices (Maharashtra) Ltd.,Communication Services,Telecom Services,,,8306.49,15.4,20868.92,,1160.23,-215.3,,2026-05-15 14:15:27,pending,,
ZENSARTECH,Zensar Technolgies Ltd.,Technology,Information Technology Services,,,11031.92,416.3,79.3,0.017,3869.43,329.71,33.22,2026-05-15 14:15:29,pending,,
MANAPPURAM,Manappuram Finance Ltd.,Financial Services,Credit Services,,,28936.25,6148.86,57836.61,3.602,4183.1,1003.3,-12.47,2026-05-15 14:15:31,pending,,
COALINDIA,Coal India Ltd.,Energy,Thermal Coal,,,285211.07,8619.66,14072.18,0.116,168400.3,31094.29,-0.71,2026-05-15 14:15:33,pending,,
GABRIEL,Gabriel India Ltd.,Consumer Cyclical,Auto Parts,,,15746.25,37.84,69.09,0.081,4530.49,250.03,39.88,2026-05-15 14:15:35,pending,,
YESBANK,Yes Bank Ltd.,Financial Services,Banks - Regional,,,69738.65,38347.35,65450.82,,15930.08,3511.71,68.36,2026-05-15 14:15:37,pending,,
IIFL,IIFL Finance Ltd.,Financial Services,Credit Services,,,19832.63,6373.5,69698.07,4.462,7900.95,1660.8,3.45,2026-05-15 14:15:39,pending,,
HINDCOPPER,Hindustan Copper Ltd.,Basic Materials,Copper,,,55284.76,17.52,166.51,0.048,2653.25,661.45,7.55,2026-05-15 14:15:40,pending,,
NUVAMA,Nuvama Wealth Management Ltd.,Financial Services,Asset Management,,,26734.86,532.58,7838.83,2.823,3672.98,1041.04,79.79,2026-05-15 14:15:42,pending,,
CIEINDIA,CIE Automotive India Ltd.,Consumer Cyclical,Auto Parts,,,17454.46,227.55,425.88,0.057,6639.88,380.33,,2026-05-15 14:15:45,pending,,
ALKEM,Alkem Laboratories Ltd.,Healthcare,Drug Manufacturers - Specialty & Generic,,,65539.55,304.14,1380.9,0.171,14252.7,2371.2,9.58,2026-05-15 14:15:47,pending,,
HEG,H.E.G. Ltd.,Industrials,Electrical Equipment & Parts,,,12128.64,50.76,587.67,0.167,2709.48,337.97,-35.61,2026-05-15 14:15:49,pending,,
BANDHANBNK,Bandhan Bank Ltd.,Financial Services,Banks - Regional,,,31642.01,13951.13,14302.81,,9432.6,1223.56,-17.7,2026-05-15 14:15:51,pending,,
HFCL,HFCL Ltd.,Technology,Communication Equipment,,,22721.35,70.52,1521.96,0.383,4949.27,311.74,-17.25,2026-05-15 14:15:53,pending,,
EMAMILTD,Emami Ltd.,Consumer Defensive,Household & Personal Products,,,18791.33,104.63,89.79,0.025,3817.46,794.27,-1.31,2026-05-15 14:15:55,pending,,
ABDL,Allied Blenders and Distillers Ltd.,Consumer Defensive,Beverages - Wineries & Distilleries,,,15480.56,88.09,905.25,0.667,3836.54,265.99,409.19,2026-05-15 14:15:57,pending,,
INDIANB,Indian Bank,Financial Services,Banks - Regional,,,111023.5,65699.69,46806.57,,34279.4,11704.28,28.07,2026-05-15 14:15:59,pending,,
IOB,Indian Overseas Bank,Financial Services,Banks - Regional,,,65106.54,25222.58,51602.57,,14452.01,5418.46,37.07,2026-05-15 14:16:01,pending,,
SAILIFE,Sai Life Sciences Ltd.,Healthcare,Diagnostics & Research,,,23231.42,91.12,352.38,0.184,2169.86,332.94,201.2,2026-05-15 14:16:03,pending,,
IPCALAB,Ipca Laboratories Ltd.,Healthcare,Drug Manufacturers - Specialty & Generic,,,40671.32,167.17,1362.74,0.144,9506.17,909.87,-5.86,2026-05-15 14:16:05,pending,,
JBCHEPHARM,J.B. Chemicals & Pharmaceuticals Ltd.,Healthcare,Drug Manufacturers - Specialty & Generic,,,34335.48,115.09,27.89,0.011,4193.04,753.79,19.62,2026-05-15 14:16:07,pending,,
PNBHOUSING,PNB Housing Finance Ltd.,Financial Services,Mortgage Finance,,,27984.75,3339.21,53143.21,2.774,3890.95,2291.24,29.87,2026-05-15 14:16:09,pending,,
JKTYRE,JK Tyre & Industries Ltd.,Consumer Cyclical,Auto Parts,,,10877.16,186.53,4911.15,0.897,15861.81,682.49,33.08,2026-05-15 14:16:11,pending,,
STARHEALTH,Star Health and Allied Insurance Company Ltd.,Financial Services,Insurance - Life,,,29711.44,1443.56,470.0,,17833.37,556.98,-3.44,2026-05-15 14:16:13,pending,,
NMDC,NMDC Ltd.,Basic Materials,Steel,,,80682.5,84.82,4275.82,0.112,27732.35,6901.54,-11.47,2026-05-15 14:16:15,pending,,
MARUTI,Maruti Suzuki India Ltd.,Consumer Cyclical,Auto Manufacturers,,,414193.94,66.9,102.5,0.001,183316.0,14679.5,21.11,2026-05-15 14:16:16,pending,,
NLCINDIA,NLC India Ltd.,Utilities,Utilities - Regulated Electric,,,49807.99,186.96,22428.58,0.82,18466.89,3522.2,33.87,2026-05-15 14:16:18,pending,,
COFORGE,Coforge Ltd.,Technology,Information Technology Services,,,55042.09,1093.6,727.8,0.075,16402.7,1485.5,30.89,2026-05-15 14:16:20,pending,,
PTCIL,PTC Industries Ltd.,Industrials,Metal Fabrication,,,24892.13,189.55,60.83,0.127,499.23,66.22,68.25,2026-05-15 14:16:22,pending,,
CAMS,Computer Age Management Services Ltd.,Technology,Information Technology Services,,,19601.94,12.11,64.23,0.049,1516.25,476.01,18.61,2026-05-15 14:16:24,pending,,
LALPATHLAB,Dr. Lal Path Labs Ltd.,Healthcare,Diagnostics & Research,,,26484.34,292.63,157.43,0.078,2762.9,504.8,12.21,2026-05-15 14:16:26,pending,,
PCBL,PCBL Chemical Ltd.,Basic Materials,Specialty Chemicals,,,10938.26,318.53,5571.33,1.241,8189.3,197.87,0.67,2026-05-15 14:16:28,pending,,
PIIND,PI Industries Ltd.,Basic Materials,Agricultural Inputs,,,47252.52,592.3,184.1,0.022,6935.6,1451.1,25.31,2026-05-15 14:16:30,pending,,
RPOWER,Reliance Power Ltd.,Utilities,Utilities - Independent Power Producers,,,11323.74,360.59,15153.08,0.922,7710.46,282.71,,2026-05-15 14:16:32,pending,,
TITAGARH,Titagarh Rail Systems Ltd.,Industrials,Railroads,,,10386.04,25.27,627.01,0.251,3315.96,182.7,,2026-05-15 14:16:34,pending,,
PATANJALI,Patanjali Foods Ltd.,Consumer Defensive,Packaged Foods,,,50434.1,109.16,787.68,0.239,38924.63,1649.02,17.28,2026-05-15 14:16:36,pending,,
NEWGEN,Newgen Software Technologies Ltd.,Technology,Software - Infrastructure,,,6618.26,103.77,53.48,0.022,1574.4,300.58,24.28,2026-05-15 14:16:38,pending,,
ACMESOLAR,ACME Solar Holdings Ltd.,Utilities,Utilities - Renewable,,,16878.24,2230.94,19896.29,3.932,2507.08,498.92,,2026-05-15 14:16:40,pending,,
UPL,UPL Ltd.,Basic Materials,Agricultural Inputs,,,53430.41,9478.0,25099.0,0.571,51839.0,1922.0,-37.22,2026-05-15 14:16:42,pending,,
MANKIND,Mankind Pharma Ltd.,Healthcare,Drug Manufacturers - Specialty & Generic,,,103442.39,407.36,8511.45,0.539,13914.08,1783.69,11.57,2026-05-15 14:16:44,pending,,
INDIGO,InterGlobe Aviation Ltd.,Industrials,Airlines,,,167592.15,1073.1,66809.8,8.665,84675.4,3211.9,,2026-05-15 14:16:46,pending,,
SRF,SRF Ltd.,Industrials,Conglomerates,,,80160.04,590.49,5082.79,0.362,15786.51,1835.18,-5.32,2026-05-15 14:16:48,pending,,
ABFRL,Aditya Birla Fashion and Retail Ltd.,Consumer Cyclical,Apparel Manufacturing,,,7638.91,766.81,5016.24,0.847,7688.58,-448.91,,2026-05-15 14:16:49,pending,,
SUNDARMFIN,Sundaram Finance Ltd.,Financial Services,Credit Services,,,51007.69,1147.46,52538.17,3.77,4397.7,2057.66,17.0,2026-05-15 14:16:51,pending,,
SPLPETRO,Supreme Petrochem Ltd.,Basic Materials,Specialty Chemicals,,,13111.18,296.49,133.39,0.056,5406.27,329.23,-12.89,2026-05-15 14:16:53,pending,,
NAUKRI,Info Edge (India) Ltd.,Communication Services,Internet Content & Information,,,60271.96,262.98,267.35,0.005,3165.35,1347.41,-57.75,2026-05-15 14:16:55,pending,,
SWANCORP,Swan Corp Ltd.,Industrials,Conglomerates,,,9967.93,136.76,2966.08,0.282,4357.3,-12.28,,2026-05-15 14:16:57,pending,,
TECHM,Tech Mahindra Ltd.,Technology,Information Technology Services,,,121724.3,5046.1,2186.2,0.073,56815.4,4810.9,-0.14,2026-05-15 14:16:59,pending,,
IDEA,Vodafone Idea Ltd.,Communication Services,Telecom Services,,,139545.83,256.8,233228.7,,44436.7,-24584.4,,2026-05-15 14:17:01,pending,,
TATAELXSI,Tata Elxsi Ltd.,Technology,Software - Application,,,25622.78,194.52,162.28,0.053,3757.42,628.43,-5.94,2026-05-15 14:17:02,pending,,
LODHA,Lodha Developers Ltd.,Real Estate,Real Estate - Development,,,85592.04,2702.6,9896.0,0.422,16676.2,3428.2,91.69,2026-05-15 14:17:04,pending,,
HONAUT,Honeywell Automation India Ltd.,Industrials,Electrical Equipment & Parts,,,25803.32,3130.4,100.9,0.022,4615.7,505.2,15.58,2026-05-15 14:17:06,pending,,
SOBHA,Sobha Ltd.,Real Estate,Real Estate - Development,,,14794.92,70.67,1183.46,0.218,5190.5,193.41,-18.23,2026-05-15 14:17:08,pending,,
TATAINVEST,Tata Investment Corporation Ltd.,Financial Services,Asset Management,,,34108.82,1.93,,,403.47,433.68,19.86,2026-05-15 14:17:10,pending,,
TBOTEK,TBO Tek Ltd.,Consumer Cyclical,Travel Services,,,12443.54,961.61,214.17,0.519,2309.25,243.12,89.62,2026-05-15 14:17:12,pending,,
ABCAPITAL,Aditya Birla Capital Ltd.,Financial Services,Financial Conglomerates,,,93353.43,2403.33,179537.75,4.917,32326.99,3764.49,-7.75,2026-05-15 14:17:14,pending,,
FSL,Firstsource Solutions Ltd.,Technology,Information Technology Services,,,16327.66,258.58,2921.89,0.666,9556.39,674.42,9.5,2026-05-15 14:17:16,pending,,
TORNTPHARM,Torrent Pharmaceuticals Ltd.,Healthcare,Drug Manufacturers - Specialty & Generic,,,149267.98,573.48,3202.32,0.334,12742.09,2272.25,34.98,2026-05-15 14:17:18,pending,,
CEMPRO,Cemindia Projects Ltd.,Industrials,Engineering & Construction,,,15734.88,357.67,961.25,0.377,10060.58,597.73,75.64,2026-05-15 14:17:20,pending,,
UBL,United Breweries Ltd.,Consumer Defensive,Beverages - Brewers,,,36276.39,460.08,1316.53,0.291,9312.85,408.96,10.77,2026-05-15 14:17:22,pending,,
UCOBANK,UCO Bank,Financial Services,Banks - Regional,,,31825.4,23884.52,23309.82,,11600.55,2767.86,14.87,2026-05-15 14:17:24,pending,,
UNIONBANK,Union Bank of India,Financial Services,Banks - Regional,,,124328.53,96043.35,77797.87,,54490.23,19430.2,31.67,2026-05-15 14:17:26,pending,,
AWL,AWL Agri Business Ltd.,Consumer Defensive,Packaged Foods,,,25990.69,1677.01,8122.52,0.106,74730.67,1042.05,21.42,2026-05-15 14:17:28,pending,,
JUBLPHARMA,Jubilant Pharmova Ltd.,Healthcare,Drug Manufacturers - Specialty & Generic,,,15903.66,1086.2,2731.0,0.439,7918.4,432.7,26.57,2026-05-15 14:17:30,pending,,
APLAPOLLO,APL Apollo Tubes Ltd.,Basic Materials,Steel,,,52582.95,644.18,497.65,0.094,23079.0,1203.08,23.3,2026-05-15 14:17:32,pending,,
COCHINSHIP,Cochin Shipyard Ltd.,Industrials,Aerospace & Defense,,,41961.38,316.67,560.41,0.203,5295.4,727.21,13.63,2026-05-15 14:17:34,pending,,
WHIRLPOOL,Whirlpool of India Ltd.,Consumer Cyclical,"Furnishings, Fixtures & Appliances",,,10819.33,2557.61,284.37,0.063,7858.1,332.75,-14.1,2026-05-15 14:17:36,pending,,
JSWCEMENT,JSW Cement Ltd.,Basic Materials,Building Materials,,,16529.62,65.05,6562.53,0.754,6423.48,-1093.44,,2026-05-15 14:17:38,pending,,
SHRIRAMFIN,Shriram Finance Ltd.,Financial Services,Credit Services,,,220754.32,7943.13,181211.62,2.75,20708.21,10024.71,18.59,2026-05-15 14:17:40,pending,,
NAVA,Nava Ltd.,Industrials,Conglomerates,,,18451.68,989.42,893.18,0.16,4166.28,895.41,28.23,2026-05-15 14:17:41,pending,,
ICICIPRULI,ICICI Prudential Life Insurance Company Ltd.,Financial Services,Insurance - Life,,,77707.64,1137.7,2595.0,0.19,63685.12,1607.89,25.5,2026-05-15 14:17:44,pending,,
ACE,Action Construction Equipment Ltd.,Industrials,Farm & Heavy Construction Machinery,,,10638.61,48.84,16.44,0.08,3211.94,422.74,57.36,2026-05-15 14:17:46,pending,,
ANGELONE,Angel One Ltd.,Financial Services,Capital Markets,,,28130.6,162.36,7951.41,1.293,4715.49,915.1,0.93,2026-05-15 14:17:47,pending,,
NTPC,NTPC Ltd.,Utilities,Utilities - Regulated Electric,,,384327.38,1426.56,250096.15,1.181,187530.56,24177.27,11.99,2026-05-15 14:17:49,pending,,
CDSL,Central Depository Services (India) Ltd.,Financial Services,Capital Markets,,,24896.08,51.4,2.2,0.001,1224.6,476.22,18.24,2026-05-15 14:17:51,pending,,
ECLERX,eClerx Services Ltd.,Technology,Information Technology Services,,,13870.42,541.7,358.13,0.15,3908.03,669.01,9.04,2026-05-15 14:17:53,pending,,
CREDITACC,CreditAccess Grameen Ltd.,Financial Services,Credit Services,,,21241.02,1271.49,20445.77,3.015,4163.46,777.64,14.6,2026-05-15 14:17:55,pending,,
ADANIPORTS,Adani Ports and Special Economic Zone Ltd.,Industrials,Marine Shipping,,,415426.86,5161.55,63398.99,0.641,38735.77,12806.21,34.11,2026-05-15 14:17:57,pending,,
RHIM,RHI MAGNESITA INDIA LTD.,Industrials,Metal Fabrication,,,8033.94,96.75,379.74,0.103,4005.65,171.35,-9.03,2026-05-15 14:17:59,pending,,
MCX,Multi Commodity Exchange of India Ltd.,Financial Services,Financial Data & Stock Exchanges,,,86356.63,338.58,1.01,0.001,2429.05,1331.55,57.46,2026-05-15 14:18:01,pending,,
JINDALSTEL,Jindal Steel Ltd.,Basic Materials,Steel,,,125161.22,1889.81,22609.55,0.436,53224.92,3367.38,-5.37,2026-05-15 14:18:03,pending,,
POWERGRID,Power Grid Corporation of India Ltd.,Utilities,Utilities - Regulated Electric,,,285575.03,3796.79,134517.71,1.412,47342.61,15524.49,-2.65,2026-05-15 14:18:05,pending,,
HDBFS,HDB Financial Services Ltd.,Financial Services,Credit Services,,,56054.74,1246.1,92254.2,4.802,8794.7,2543.8,9.09,2026-05-15 14:18:07,pending,,
JIOFIN,Jio Financial Services Ltd.,Financial Services,Asset Management,,,154850.27,715.04,21768.36,0.163,2702.0,1560.9,268.28,2026-05-15 14:18:09,pending,,
ETERNAL,Eternal Ltd.,Consumer Cyclical,Internet Retail,,,223760.95,996.0,4592.0,0.148,54364.0,366.0,,2026-05-15 14:18:11,pending,,
PAGEIND,Page Industries Ltd.,Consumer Cyclical,Apparel Manufacturing,,,41001.64,238.29,261.81,0.19,5092.25,749.1,10.77,2026-05-15 14:18:12,pending,,
TARIL,Transformers And Rectifiers (India) Ltd.,Industrials,Electrical Equipment & Parts,,,9068.01,8.1,456.65,0.296,2508.8,264.39,86.53,2026-05-15 14:18:14,pending,,
ICICIGI,ICICI Lombard General Insurance Company Ltd.,Financial Services,Insurance - Diversified,,,91675.09,986.78,,,27005.69,2771.94,17.04,2026-05-15 14:18:16,pending,,
ZYDUSWELL,Zydus Wellness Ltd.,Consumer Defensive,Packaged Foods,,,16087.62,66.7,188.3,0.533,3389.4,207.1,3.95,2026-05-15 14:18:18,pending,,
AARTIIND,Aarti Industries Ltd.,Basic Materials,Specialty Chemicals,,,16956.93,583.0,4966.0,0.834,8286.0,419.0,-8.4,2026-05-15 14:18:20,pending,,
M&MFIN,Mahindra & Mahindra Financial Services Ltd.,Financial Services,Credit Services,,,44541.87,7568.12,114240.83,4.28,9670.32,2854.53,11.26,2026-05-15 14:18:22,pending,,
MOTHERSON,Samvardhana Motherson International Ltd.,Consumer Cyclical,Auto Parts,,,136969.18,5636.5,17221.7,0.499,120613.56,3413.0,63.27,2026-05-15 14:18:24,pending,,
GMRAIRPORT,GMR Airports Ltd.,Industrials,Airports & Air Services,,,102094.74,555.66,38205.22,,13732.59,-364.45,,2026-05-15 14:18:26,pending,,
RRKABEL,R R Kabel Ltd.,Industrials,Electrical Equipment & Parts,,,22157.37,85.53,336.02,0.131,9778.78,492.22,37.37,2026-05-15 14:18:28,pending,,
JMFINANCIL,JM Financial Ltd.,Financial Services,Capital Markets,,,12875.95,540.0,11507.36,1.041,3498.76,1246.14,2.03,2026-05-15 14:18:30,pending,,
BALKRISIND,Balkrishna Industries Ltd.,Consumer Cyclical,Auto Parts,,,41828.04,80.24,3267.45,0.353,10642.64,1312.19,4.86,2026-05-15 14:18:32,pending,,
BRIGADE,Brigade Enterprises Ltd.,Real Estate,Real Estate - Development,,,16855.66,1486.29,6343.95,0.756,5700.01,745.72,30.28,2026-05-15 14:18:35,pending,,
NEULANDLAB,Neuland Laboratories Ltd.,Healthcare,Drug Manufacturers - Specialty & Generic,,,21455.42,131.93,157.14,0.161,605.76,13.86,59.73,2026-05-15 14:18:37,pending,,
HDFCLIFE,HDFC Life Insurance Company Ltd.,Financial Services,Insurance - Life,,,131313.62,1990.23,3099.0,0.175,99855.12,1912.32,11.81,2026-05-15 14:18:39,pending,,
JUBLFOOD,Jubilant Foodworks Ltd.,Consumer Cyclical,Restaurants,,,30591.98,99.77,4371.82,0.027,9141.41,315.65,-20.56,2026-05-15 14:18:41,pending,,
SAPPHIRE,Sapphire Foods India Ltd.,Consumer Cyclical,Restaurants,,,5797.76,68.11,1417.13,1.021,3125.32,-31.96,,2026-05-15 14:18:43,pending,,
SHYAMMETL,Shyam Metalics and Energy Ltd.,Basic Materials,Steel,,,24294.4,63.13,789.43,0.081,18552.21,1070.24,-19.25,2026-05-15 14:18:45,pending,,
PRESTIGE,Prestige Estates Projects Ltd.,Real Estate,Real Estate - Diversified,,,58191.66,2009.4,13179.9,0.893,10140.0,970.4,-25.92,2026-05-15 14:18:47,pending,,
TORNTPOWER,Torrent Power Ltd.,Utilities,Utilities - Independent Power Producers,,,74058.7,289.11,8839.74,0.709,28966.31,2416.43,87.42,2026-05-15 14:18:50,pending,,
ADANIPOWER,Adani Power Ltd.,Utilities,Utilities - Independent Power Producers,,,429701.6,927.88,54670.29,0.823,54240.52,12834.3,6.16,2026-05-15 14:18:52,pending,,
LTFOODS,LT Foods Ltd.,Consumer Defensive,Packaged Foods,,,14223.48,142.63,1261.04,0.285,10318.33,650.23,27.48,2026-05-15 14:18:54,pending,,
CPPLUS,Aditya Infotech Ltd.,Industrials,Building Products & Equipment,,,28460.02,135.93,457.31,0.08,3776.22,253.79,53.61,2026-05-15 14:18:56,pending,,
IRB,IRB Infrastructure Developers Ltd.,Industrials,Infrastructure Operations,,,24590.81,1839.29,20599.32,1.023,6646.04,768.82,161.75,2026-05-15 14:18:58,pending,,
JKCEMENT,J.K. Cement Ltd.,Basic Materials,Building Materials,,,42532.31,297.3,6028.23,0.996,13416.21,1019.94,7.81,2026-05-15 14:19:00,pending,,
VTL,Vardhman Textiles Ltd.,Consumer Cyclical,Textile Manufacturing,,,17673.67,43.3,1854.98,0.175,9869.05,745.25,-2.14,2026-05-15 14:19:03,pending,,
BSOFT,Birlasoft Ltd.,Technology,Information Technology Services,,,8771.68,426.03,140.74,0.041,5286.56,464.53,16.06,2026-05-15 14:19:06,pending,,
SCHNEIDER,Schneider Electric Infrastructure Ltd.,Industrials,Electrical Equipment & Parts,,,30397.3,258.43,521.57,0.801,2887.83,245.2,113.26,2026-05-15 14:19:08,pending,,
MINDACORP,Minda Corporation Ltd.,Consumer Cyclical,Auto Parts,,,12311.73,75.9,1609.5,0.63,5802.77,287.71,10.0,2026-05-15 14:19:10,pending,,
NHPC,NHPC Ltd.,Utilities,Utilities - Renewable,,,77517.53,760.85,41573.98,1.004,11162.17,3159.22,-5.15,2026-05-15 14:19:12,pending,,
TRENT,Trent Ltd.,Consumer Cyclical,Apparel Retail,,,145415.71,281.36,2561.25,0.36,20074.21,1719.65,56.97,2026-05-15 14:19:15,pending,,
APTUS,Aptus Value Housing Finance India Ltd.,Financial Services,Mortgage Finance,,,13312.25,590.74,7903.77,1.57,1460.0,889.01,23.3,2026-05-15 14:19:17,pending,,
UNITDSPR,United Spirits Ltd.,Consumer Defensive,Beverages - Wineries & Distilleries,,,96998.96,993.0,480.0,0.049,12919.0,1720.0,24.06,2026-05-15 14:19:19,pending,,
HCLTECH,HCL Technologies Ltd.,Technology,Information Technology Services,,,305035.27,8265.0,5215.0,0.069,1466.4,187.7,3.87,2026-05-15 14:19:22,pending,,
NCC,NCC Ltd.,Industrials,Engineering & Construction,,,10238.92,988.4,1593.58,0.379,20721.17,723.12,19.34,2026-05-15 14:19:24,pending,,
DEVYANI,Devyani International Ltd.,Consumer Cyclical,Restaurants,,,14562.25,181.37,3187.6,1.707,5387.21,-39.78,-61.18,2026-05-15 14:19:26,pending,,
KEI,KEI Industries Ltd.,Industrials,Electrical Equipment & Parts,,,49006.78,1444.04,253.02,0.038,11747.76,918.43,24.38,2026-05-15 14:19:29,pending,,
JSWINFRA,JSW Infrastructure Ltd.,Industrials,Marine Shipping,,,55859.49,611.25,5042.13,0.59,5361.44,1523.31,66.11,2026-05-15 14:19:31,pending,,
OFSS,Oracle Financial Services Software Ltd.,Technology,Software - Infrastructure,,,78791.51,1488.2,32.5,0.004,7672.1,2639.3,13.48,2026-05-15 14:19:33,pending,,
MRF,MRF Ltd.,Consumer Cyclical,Auto Parts,,,54309.96,304.59,3206.66,0.153,31149.01,2426.1,46.67,2026-05-15 14:19:36,pending,,
AADHARHFC,Aadhar Housing Finance Ltd.,Financial Services,Mortgage Finance,,,20186.15,714.63,18683.4,2.554,2144.33,1029.8,26.24,2026-05-15 14:19:38,pending,,
ARE&M,Amara Raja Energy & Mobility Ltd.,Industrials,Electrical Equipment & Parts,,,15172.8,157.83,260.8,0.04,13338.32,743.01,22.61,2026-05-15 14:19:40,pending,,
REDINGTON,Redington Ltd.,Technology,Information Technology Services,,,17230.31,1357.08,2808.52,0.273,119347.43,1490.22,7.83,2026-05-15 14:19:42,pending,,
BELRISE,Belrise Industries Ltd.,Consumer Cyclical,Auto Parts,,,18717.72,77.33,2963.7,0.285,9230.62,476.65,10.72,2026-05-15 14:19:44,pending,,
SIGNATURE,Signatureglobal (India) Ltd.,Real Estate,Real Estate - Development,,,12056.52,1116.05,2394.18,1.61,2009.03,3.31,,2026-05-15 14:19:46,pending,,
ENDURANCE,Endurance Technologies Ltd.,Consumer Cyclical,Auto Parts,,,35829.64,1018.86,943.67,0.196,13473.42,920.39,21.99,2026-05-15 14:19:48,pending,,
ASTERDM,Aster DM Healthcare Ltd.,Healthcare,Medical Care Facilities,,,39132.1,164.59,2017.77,0.438,4461.18,326.99,117.04,2026-05-15 14:19:50,pending,,
BAJAJ-AUTO,Bajaj Auto Ltd.,Consumer Cyclical,Auto Manufacturers,,,288180.51,2989.97,22639.78,0.563,65087.22,10744.21,21.03,2026-05-15 14:19:53,pending,,
BAJAJFINSV,Bajaj Finserv Ltd.,Financial Services,Financial Conglomerates,,,277437.09,5817.0,284451.52,2.564,149234.12,9800.97,24.87,2026-05-15 14:19:55,pending,,
KAYNES,Kaynes Technology India Ltd.,Technology,Electronic Components,,,21853.3,47.42,902.98,0.192,3783.18,363.89,92.01,2026-05-15 14:19:57,pending,,
JBMA,JBM Auto Ltd.,Consumer Cyclical,Auto Parts,,,15301.18,100.72,2630.27,1.903,5885.01,210.88,8.94,2026-05-15 14:19:59,pending,,
KPRMILL,K.P.R. Mill Ltd.,Consumer Cyclical,Textile Manufacturing,,,31443.57,114.54,465.96,0.065,6634.7,843.88,-1.07,2026-05-15 14:20:01,pending,,
ANURAS,Anupam Rasayan India Ltd.,Basic Materials,Specialty Chemicals,,,15708.79,113.05,1382.42,0.375,2228.35,172.04,-15.03,2026-05-15 14:20:04,pending,,
ADANIENSOL,Adani Energy Solutions Ltd.,Utilities,Utilities - Independent Power Producers,,,157380.04,1734.57,49176.43,1.945,27588.03,2282.54,22.02,2026-05-15 14:20:06,pending,,
INDIAMART,Indiamart Intermesh Ltd.,Communication Services,Internet Content & Information,,,11874.58,80.4,23.1,0.01,1569.04,474.68,18.7,2026-05-15 14:20:08,pending,,
GLENMARK,Glenmark Pharmaceuticals Ltd.,Healthcare,Drug Manufacturers - Specialty & Generic,,,65803.58,1675.71,2472.67,0.128,16509.69,1065.09,3.6,2026-05-15 14:20:10,pending,,
DIXON,Dixon Technologies (India) Ltd.,Technology,Consumer Electronics,,,66730.05,228.38,670.96,0.185,48872.8,1438.64,79.26,2026-05-15 14:20:13,pending,,
RADICO,Radico Khaitan Ltd,Consumer Defensive,Beverages - Wineries & Distilleries,,,46592.04,70.26,798.82,0.209,5850.79,517.09,39.99,2026-05-15 14:20:16,pending,,
LAURUSLABS,Laurus Labs Ltd.,Healthcare,Drug Manufacturers - Specialty & Generic,,,71343.04,99.54,2763.73,0.464,6867.85,888.79,-24.35,2026-05-15 14:20:18,pending,,
AUBANK,AU Small Finance Bank Ltd.,Financial Services,Banks - Regional,,,74222.22,8523.41,13871.54,,1061.2,226.81,22.75,2026-05-15 14:20:20,pending,,
LENSKART,Lenskart Solutions Ltd.,Healthcare,Medical Instruments & Supplies,,,81917.8,,,0.442,8025.9,512.21,,2026-05-15 14:20:23,pending,,
RAINBOW,Rainbow Childrens Medicare Ltd.,Healthcare,Medical Care Facilities,,,13509.79,20.25,763.58,0.532,1613.28,257.62,20.75,2026-05-15 14:20:26,pending,,
IRCON,IRCON International Ltd.,Industrials,Engineering & Construction,,,13509.57,2279.84,4306.77,0.792,9294.14,614.72,7.09,2026-05-15 14:20:28,pending,,
KIMS,Krishna Institute of Medical Sciences Ltd.,Healthcare,Medical Care Facilities,,,30582.62,56.0,2556.7,1.237,3627.0,300.7,4.94,2026-05-15 14:20:30,pending,,
LEMONTREE,Lemon Tree Hotels Ltd.,Consumer Cyclical,Lodging,,,8852.86,55.42,2147.65,1.096,1408.57,220.24,,2026-05-15 14:20:32,pending,,
TIINDIA,Tube Investments of India Ltd.,Industrials,Conglomerates,,,55781.94,656.38,3097.46,0.277,21226.15,597.92,-4.31,2026-05-15 14:20:35,pending,,
RBLBANK,RBL Bank Ltd.,Financial Services,Banks - Regional,,,20772.86,23065.85,16796.44,,7945.6,721.63,-1.49,2026-05-15 14:20:37,pending,,
TATACAP,Tata Capital Ltd.,Financial Services,Asset Management,,,130886.14,3640.56,227767.1,5.021,12531.71,4890.91,,2026-05-15 14:20:39,pending,,
SAREGAMA,Saregama India Ltd,Communication Services,Entertainment,,,8043.1,69.39,2.71,0.002,938.0,191.8,10.2,2026-05-15 14:20:41,pending,,
JYOTICNC,Jyoti CNC Automation Ltd.,Industrials,Specialty Industrial Machinery,,,16240.28,13.38,496.88,0.396,2069.65,354.4,,2026-05-15 14:20:43,pending,,
PAYTM,One 97 Communications Ltd.,Technology,Software - Infrastructure,,,72462.0,3285.0,172.0,0.011,8437.0,553.0,,2026-05-15 14:20:46,pending,,
NATCOPHARM,NATCO Pharma Ltd.,Healthcare,Drug Manufacturers - Specialty & Generic,,,21446.62,120.0,279.4,0.03,4562.6,1557.2,123.01,2026-05-15 14:20:48,pending,,
NIVABUPA,Niva Bupa Health Insurance Company Ltd.,Financial Services,Insurance - Life,,,14796.28,220.35,250.0,0.073,7967.27,291.69,,2026-05-15 14:20:50,pending,,
